library_id,mux_id,supplied_gender,library_prep,sequenced_datetime
WHH1000,MUX3529,F,Nano,2016-03-21T14:47:27Z
WHH1001,MUX3529,M,Nano,2016-03-21T14:47:27Z
WHH1002,MUX3529,F,PCR-Free,2016-03-21T14:47:27Z
WHH1003,MUX3529,F,PCR-Free,2016-03-21T14:47:27Z
WHH1004,MUX3529,F,PCR-Free,2016-03-21T14:47:27Z
WHH1005,MUX3529,F,PCR-Free,2016-03-21T14:47:27Z
WHH1006,MUX3529,F,PCR-Free,2016-03-21T14:47:27Z
WHH1007,MUX3529,F,PCR-Free,2016-03-21T14:47:27Z
WHH1008,MUX3529,F,PCR-Free,2016-03-21T14:47:27Z
WHH1009,MUX3529,F,PCR-Free,2016-03-21T14:47:27Z
WHH1010,MUX3529,F,PCR-Free,2016-03-21T14:47:27Z
WHH1011,MUX3529,M,PCR-Free,2016-03-21T14:47:27Z
WHH1012,MUX3529,F,Nano,2016-03-21T14:47:27Z
WHH1013,MUX3529,F,PCR-Free,2016-03-21T14:47:27Z
WHH1014,MUX3529,F,PCR-Free,2016-03-21T14:47:27Z
WHH1015,MUX3529,F,Nano,2016-03-21T14:47:28Z
WHH1016,MUX3529,M,Nano,2016-03-21T14:47:28Z
WHH1017,MUX3529,F,PCR-Free,2016-03-21T14:47:28Z
WHH1061,MUX3936,F,PCR-Free,2016-06-27T13:27:51Z
WHH1062,MUX3936,M,PCR-Free,2016-06-27T13:27:51Z
WHH1063,MUX3936,M,Nano,2016-06-27T13:27:51Z
WHH1064,MUX3936,M,PCR-Free,2016-06-27T13:27:51Z
WHH1065,MUX3936,M,Nano,2016-06-27T13:27:51Z
WHH1066,MUX3936,M,Nano,2016-06-27T13:27:52Z
WHH1067,MUX3936,M,PCR-Free,2016-06-27T13:27:52Z
WHH1068,MUX3936,F,PCR-Free,2016-06-27T13:27:52Z
WHH1069,MUX3936,M,PCR-Free,2016-06-27T13:27:52Z
WHH1070,MUX3936,M,Nano,2016-06-27T13:27:52Z
WHH1071,MUX3936,F,PCR-Free,2016-06-27T13:27:52Z
WHH1072,MUX3936,M,PCR-Free,2016-06-27T13:27:52Z
WHH1073,MUX3936,F,PCR-Free,2016-06-27T13:27:52Z
WHH1074,MUX3936,M,PCR-Free,2016-06-27T13:27:52Z
WHH1075,MUX3936,M,PCR-Free,2016-06-27T13:27:52Z
WHH1076,MUX3936,F,PCR-Free,2016-06-27T13:27:52Z
WHH1077,MUX3936,M,PCR-Free,2016-06-27T13:27:52Z
WHH1078,MUX3936,F,PCR-Free,2016-06-27T13:27:52Z
WHH1079,MUX3936,F,PCR-Free,2016-06-27T13:27:52Z
WHH1080,MUX3936,F,PCR-Free,2016-06-27T13:27:52Z
WHH1081,MUX3936,F,Nano,2016-06-27T13:27:52Z
WHH1082,MUX3936,M,PCR-Free,2016-06-27T13:27:52Z
WHH1083,MUX3936,F,PCR-Free,2016-06-27T13:27:52Z
WHH1084,MUX3936,F,PCR-Free,2016-06-27T13:27:52Z
WHH1085,MUX3936,M,PCR-Free,2016-06-27T13:27:52Z
WHH1086,MUX3936,M,Nano,2016-06-27T13:27:52Z
WHH1087,MUX3936,M,PCR-Free,2016-06-27T13:27:52Z
WHH1088,MUX3936,M,Nano,2016-06-27T13:27:52Z
WHH1089,MUX3936,F,PCR-Free,2016-06-27T13:27:52Z
WHH1090,MUX3936,F,PCR-Free,2016-06-27T13:27:52Z
WHH1091,MUX3936,F,Nano,2016-06-27T13:27:52Z
WHH1092,MUX3936,F,PCR-Free,2016-06-27T13:27:52Z
WHH1093,MUX3936,M,PCR-Free,2016-06-27T13:27:52Z
WHH1094,MUX3936,F,PCR-Free,2016-06-27T13:27:52Z
WHH1095,MUX3936,F,PCR-Free,2016-06-27T13:27:52Z
WHH1096,MUX3936,M,PCR-Free,2016-06-27T13:27:52Z
WHH1097,MUX3936,M,PCR-Free,2016-06-27T13:27:52Z
WHH1098,MUX3936,F,PCR-Free,2016-06-27T13:27:52Z
WHH1099,MUX3936,F,PCR-Free,2016-06-27T13:27:52Z
WHH1100,MUX3936,M,PCR-Free,2016-06-27T13:27:52Z
WHH1101,MUX3936,M,PCR-Free,2016-06-27T13:27:52Z
WHH1102,MUX3936,F,PCR-Free,2016-06-27T13:27:53Z
WHH1103,MUX3936,M,PCR-Free,2016-06-27T13:27:53Z
WHH1104,MUX3936,F,Nano,2016-06-27T13:27:53Z
WHH1105,MUX3936,F,PCR-Free,2016-06-27T13:27:53Z
WHH1106,MUX3936,M,PCR-Free,2016-06-27T13:27:53Z
WHH1107,MUX3936,M,PCR-Free,2016-06-27T13:27:53Z
WHH1108,MUX3936,M,PCR-Free,2016-06-27T13:27:53Z
WHH1109,MUX3936,M,PCR-Free,2016-06-27T13:27:53Z
WHH1110,MUX3936,M,PCR-Free,2016-06-27T13:27:53Z
WHH1111,MUX3936,M,PCR-Free,2016-06-27T13:27:53Z
WHH1112,MUX3936,M,PCR-Free,2016-06-27T13:27:53Z
WHH1113,MUX3936,M,PCR-Free,2016-06-27T13:27:53Z
WHH1114,MUX3936,M,PCR-Free,2016-06-27T13:27:53Z
WHH1115,MUX3936,M,PCR-Free,2016-06-27T13:27:53Z
WHH1116,MUX3936,F,PCR-Free,2016-06-27T13:27:53Z
WHH1117,MUX3936,F,PCR-Free,2016-06-27T13:27:53Z
WHH1118,MUX3936,M,PCR-Free,2016-06-27T13:27:53Z
WHH1119,MUX3936,M,PCR-Free,2016-06-27T13:27:53Z
WHH1120,MUX3936,M,PCR-Free,2016-06-27T13:27:53Z
WHH1121,MUX3936,F,PCR-Free,2016-06-27T13:27:53Z
WHH1122,MUX3936,M,PCR-Free,2016-06-27T13:27:53Z
WHH1123,MUX3936,F,PCR-Free,2016-06-27T13:27:53Z
WHH1124,MUX3936,M,PCR-Free,2016-06-27T13:27:53Z
WHH1125,MUX3936,M,PCR-Free,2016-06-27T13:27:53Z
WHH1126,MUX3936,M,PCR-Free,2016-06-27T13:27:53Z
WHH1127,MUX3936,M,PCR-Free,2016-06-27T13:27:53Z
WHH1128,MUX3936,F,PCR-Free,2016-06-27T13:27:53Z
WHH1129,MUX3936,F,PCR-Free,2016-06-27T13:27:53Z
WHH1130,MUX3936,M,PCR-Free,2016-06-27T13:27:53Z
WHH1131,MUX3936,F,PCR-Free,2016-06-27T13:27:53Z
WHH1132,MUX3936,F,PCR-Free,2016-06-27T13:27:53Z
WHH1133,MUX3936,M,PCR-Free,2016-06-27T13:27:53Z
WHH1134,MUX3936,M,PCR-Free,2016-06-27T13:27:54Z
WHH1135,MUX3936,M,PCR-Free,2016-06-27T13:27:54Z
WHH1136,MUX3936,M,Nano,2016-06-27T13:27:54Z
WHH1137,MUX3936,F,Nano,2016-06-27T13:27:54Z
WHH1138,MUX3936,F,PCR-Free,2016-06-27T13:27:54Z
WHH1139,MUX3936,F,PCR-Free,2016-06-27T13:27:54Z
WHH1140,MUX3936,M,PCR-Free,2016-06-27T13:27:54Z
WHH1141,MUX3936,F,PCR-Free,2016-06-27T13:27:54Z
WHH1142,MUX3936,M,PCR-Free,2016-06-27T13:27:54Z
WHH1143,MUX3936,M,PCR-Free,2016-06-27T13:27:54Z
WHH1144,MUX3936,F,PCR-Free,2016-06-27T13:27:54Z
WHH1145,MUX3936,M,PCR-Free,2016-06-27T13:27:54Z
WHH1146,MUX3936,M,PCR-Free,2016-06-27T13:27:54Z
WHH1147,MUX3936,F,Nano,2016-06-27T13:27:54Z
WHH1148,MUX3936,F,Nano,2016-06-27T13:27:54Z
WHH1149,MUX3936,F,PCR-Free,2016-06-27T13:27:54Z
WHH1150,MUX3936,F,PCR-Free,2016-06-27T13:27:54Z
WHH1151,MUX3936,F,PCR-Free,2016-06-27T13:27:54Z
WHH1152,MUX3936,M,PCR-Free,2016-06-27T13:27:54Z
WHH1153,MUX3936,M,PCR-Free,2016-06-27T13:27:54Z
WHH1154,MUX3936,M,PCR-Free,2016-06-27T13:27:54Z
WHH1155,MUX3936,F,PCR-Free,2016-06-27T13:27:54Z
WHH1156,MUX3936,F,PCR-Free,2016-06-27T13:27:54Z
WHH1157,MUX3949,F,PCR-Free,2016-07-01T16:25:29Z
WHH1158,MUX3949,F,PCR-Free,2016-07-01T16:25:29Z
WHH1159,MUX3949,F,PCR-Free,2016-07-01T16:25:29Z
WHH1160,MUX3949,F,PCR-Free,2016-07-01T16:25:29Z
WHH1161,MUX3949,F,PCR-Free,2016-07-01T16:25:30Z
WHH1162,MUX3949,M,PCR-Free,2016-07-01T16:25:30Z
WHH1163,MUX3949,M,PCR-Free,2016-07-01T16:25:30Z
WHH1164,MUX3949,F,PCR-Free,2016-07-01T16:25:30Z
WHH1165,MUX3949,F,PCR-Free,2016-07-01T16:25:30Z
WHH1166,MUX3949,F,PCR-Free,2016-07-01T16:25:30Z
WHH1167,MUX3949,F,PCR-Free,2016-07-01T16:25:30Z
WHH1168,MUX3949,M,PCR-Free,2016-07-01T16:25:30Z
WHH1169,MUX3949,F,Nano,2016-07-01T16:25:30Z
WHH1170,MUX3949,F,Nano,2016-07-01T16:25:30Z
WHH1171,MUX3949,F,PCR-Free,2016-07-01T16:25:30Z
WHH1172,MUX3949,F,PCR-Free,2016-07-01T16:25:30Z
WHH1173,MUX3949,F,Nano,2016-07-01T16:25:30Z
WHH1174,MUX3949,F,PCR-Free,2016-07-01T16:25:30Z
WHH1175,MUX3949,F,PCR-Free,2016-07-01T16:25:30Z
WHH1176,MUX3949,F,Nano,2016-07-01T16:25:30Z
WHH1177,MUX3949,F,PCR-Free,2016-07-01T16:25:30Z
WHH1178,MUX3949,M,PCR-Free,2016-07-01T16:25:30Z
WHH1179,MUX3949,M,PCR-Free,2016-07-01T16:25:30Z
WHH1180,MUX3949,F,PCR-Free,2016-07-01T16:25:30Z
WHH1181,MUX3949,M,PCR-Free,2016-07-01T16:25:30Z
WHH1182,MUX3949,F,PCR-Free,2016-07-01T16:25:30Z
WHH1183,MUX3949,M,PCR-Free,2016-07-01T16:25:30Z
WHH1184,MUX3949,F,PCR-Free,2016-07-01T16:25:30Z
WHH1185,MUX3949,F,PCR-Free,2016-07-01T16:25:30Z
WHH1186,MUX3949,F,PCR-Free,2016-07-01T16:25:30Z
WHH1187,MUX3949,F,PCR-Free,2016-07-01T16:25:30Z
WHH1188,MUX3949,F,PCR-Free,2016-07-01T16:25:30Z
WHH1189,MUX3949,F,PCR-Free,2016-07-01T16:25:30Z
WHH1190,MUX3949,M,Nano,2016-07-01T16:25:30Z
WHH1191,MUX3949,M,PCR-Free,2016-07-01T16:25:30Z
WHH1192,MUX3949,F,PCR-Free,2016-07-01T16:25:30Z
WHH1193,MUX3949,M,PCR-Free,2016-07-01T16:25:30Z
WHH1194,MUX3949,F,PCR-Free,2016-07-01T16:25:30Z
WHH1195,MUX3949,M,PCR-Free,2016-07-01T16:25:30Z
WHH1196,MUX3949,F,PCR-Free,2016-07-01T16:25:30Z
WHH1197,MUX3949,F,PCR-Free,2016-07-01T16:25:30Z
WHH1198,MUX3949,M,PCR-Free,2016-07-01T16:25:30Z
WHH1199,MUX3949,F,PCR-Free,2016-07-01T16:25:30Z
WHH1200,MUX3949,F,PCR-Free,2016-07-01T16:25:30Z
WHH1201,MUX3949,F,PCR-Free,2016-07-01T16:25:30Z
WHH1202,MUX3949,M,PCR-Free,2016-07-01T16:25:30Z
WHH1203,MUX3949,F,Nano,2016-07-01T16:25:31Z
WHH1204,MUX3949,F,PCR-Free,2016-07-01T16:25:31Z
WHH1205,MUX3949,F,PCR-Free,2016-07-01T16:25:31Z
WHH1206,MUX3949,M,PCR-Free,2016-07-01T16:25:31Z
WHH1207,MUX3949,M,PCR-Free,2016-07-01T16:25:31Z
WHH1208,MUX3949,M,PCR-Free,2016-07-01T16:25:31Z
WHH1209,MUX3949,F,PCR-Free,2016-07-01T16:25:31Z
WHH1210,MUX3949,F,PCR-Free,2016-07-01T16:25:31Z
WHH1211,MUX3949,M,PCR-Free,2016-07-01T16:25:31Z
WHH1212,MUX3949,F,PCR-Free,2016-07-01T16:25:31Z
WHH1213,MUX3949,M,PCR-Free,2016-07-01T16:25:31Z
WHH1214,MUX3949,M,PCR-Free,2016-07-01T16:25:31Z
WHH1215,MUX3949,F,PCR-Free,2016-07-01T16:25:31Z
WHH1216,MUX3949,F,PCR-Free,2016-07-01T16:25:31Z
WHH1217,MUX3949,F,PCR-Free,2016-07-01T16:25:31Z
WHH1218,MUX3949,F,PCR-Free,2016-07-01T16:25:31Z
WHH1219,MUX3949,M,PCR-Free,2016-07-01T16:25:31Z
WHH1220,MUX3949,M,PCR-Free,2016-07-01T16:25:31Z
WHH1221,MUX3949,F,PCR-Free,2016-07-01T16:25:32Z
WHH1222,MUX3949,F,PCR-Free,2016-07-01T16:25:32Z
WHH1223,MUX3949,F,Nano,2016-07-01T16:25:32Z
WHH1224,MUX3949,F,PCR-Free,2016-07-01T16:25:32Z
WHH1225,MUX3949,M,PCR-Free,2016-07-01T16:25:32Z
WHH1226,MUX3949,M,PCR-Free,2016-07-01T16:25:32Z
WHH1227,MUX3949,M,PCR-Free,2016-07-01T16:25:32Z
WHH1228,MUX3949,M,PCR-Free,2016-07-01T16:25:32Z
WHH1229,MUX3949,F,Nano,2016-07-01T16:25:32Z
WHH1230,MUX3949,M,PCR-Free,2016-07-01T16:25:32Z
WHH1231,MUX3949,F,PCR-Free,2016-07-01T16:25:32Z
WHH1232,MUX3949,M,PCR-Free,2016-07-01T16:25:32Z
WHH1233,MUX3949,M,PCR-Free,2016-07-01T16:25:32Z
WHH1234,MUX3949,F,PCR-Free,2016-07-01T16:25:32Z
WHH1235,MUX3949,F,PCR-Free,2016-07-01T16:25:32Z
WHH1236,MUX3949,F,PCR-Free,2016-07-01T16:25:32Z
WHH1237,MUX3949,M,PCR-Free,2016-07-01T16:25:32Z
WHH1238,MUX3949,M,PCR-Free,2016-07-01T16:25:32Z
WHH1239,MUX3949,M,PCR-Free,2016-07-01T16:25:32Z
WHH1240,MUX3949,M,PCR-Free,2016-07-01T16:25:32Z
WHH1241,MUX3949,M,PCR-Free,2016-07-01T16:25:32Z
WHH1242,MUX3949,M,PCR-Free,2016-07-01T16:25:32Z
WHH1243,MUX3949,F,PCR-Free,2016-07-01T16:25:32Z
WHH1244,MUX3949,M,PCR-Free,2016-07-01T16:25:32Z
WHH1245,MUX3949,F,PCR-Free,2016-07-01T16:25:32Z
WHH1246,MUX3949,F,PCR-Free,2016-07-01T16:25:32Z
WHH1247,MUX3949,F,PCR-Free,2016-07-01T16:25:32Z
WHH1248,MUX3949,F,PCR-Free,2016-07-01T16:25:32Z
WHH1249,MUX3949,M,Nano,2016-07-01T16:25:32Z
WHH1250,MUX3949,M,PCR-Free,2016-07-01T16:25:32Z
WHH1251,MUX3949,F,PCR-Free,2016-07-01T16:25:32Z
WHH1252,MUX3949,F,PCR-Free,2016-07-01T16:25:32Z
WHH1253,MUX3969,M,PCR-Free,2016-07-07T14:46:08Z
WHH1254,MUX3969,F,PCR-Free,2016-07-07T14:46:09Z
WHH1255,MUX3969,F,PCR-Free,2016-07-07T14:46:09Z
WHH1256,MUX3969,F,PCR-Free,2016-07-07T14:46:09Z
WHH1257,MUX3969,F,PCR-Free,2016-07-07T14:46:09Z
WHH1258,MUX3969,M,PCR-Free,2016-07-07T14:46:09Z
WHH1259,MUX3969,F,PCR-Free,2016-07-07T14:46:09Z
WHH1260,MUX3969,M,PCR-Free,2016-07-07T14:46:09Z
WHH1261,MUX3969,M,PCR-Free,2016-07-07T14:46:09Z
WHH1262,MUX3969,M,PCR-Free,2016-07-07T14:46:09Z
WHH1263,MUX3969,F,PCR-Free,2016-07-07T14:46:09Z
WHH1264,MUX3969,F,PCR-Free,2016-07-07T14:46:09Z
WHH1265,MUX3969,M,PCR-Free,2016-07-07T14:46:09Z
WHH1266,MUX3969,F,Nano,2016-07-07T14:46:09Z
WHH1267,MUX3969,M,PCR-Free,2016-07-07T14:46:09Z
WHH1268,MUX3969,F,PCR-Free,2016-07-07T14:46:09Z
WHH1269,MUX3969,F,PCR-Free,2016-07-07T14:46:09Z
WHH1270,MUX3969,F,PCR-Free,2016-07-07T14:46:09Z
WHH1271,MUX3969,M,PCR-Free,2016-07-07T14:46:09Z
WHH1272,MUX3969,M,PCR-Free,2016-07-07T14:46:09Z
WHH1273,MUX3969,F,PCR-Free,2016-07-07T14:46:09Z
WHH1274,MUX3969,F,PCR-Free,2016-07-07T14:46:09Z
WHH1275,MUX3969,M,PCR-Free,2016-07-07T14:46:09Z
WHH1276,MUX3969,F,PCR-Free,2016-07-07T14:46:09Z
WHH1277,MUX3969,M,Nano,2016-07-07T14:46:09Z
WHH1278,MUX3969,F,PCR-Free,2016-07-07T14:46:09Z
WHH1279,MUX3969,F,PCR-Free,2016-07-07T14:46:09Z
WHH1280,MUX3969,M,PCR-Free,2016-07-07T14:46:10Z
WHH1281,MUX3969,F,PCR-Free,2016-07-07T14:46:10Z
WHH1282,MUX3969,M,PCR-Free,2016-07-07T14:46:10Z
WHH1283,MUX3969,F,PCR-Free,2016-07-07T14:46:10Z
WHH1284,MUX3969,F,PCR-Free,2016-07-07T14:46:10Z
WHH1285,MUX3969,F,PCR-Free,2016-07-07T14:46:10Z
WHH1286,MUX3969,F,PCR-Free,2016-07-07T14:46:10Z
WHH1287,MUX3969,M,PCR-Free,2016-07-07T14:46:10Z
WHH1288,MUX3969,F,PCR-Free,2016-07-07T14:46:10Z
WHH1289,MUX3969,M,PCR-Free,2016-07-07T14:46:10Z
WHH1290,MUX3969,M,PCR-Free,2016-07-07T14:46:10Z
WHH1291,MUX3969,M,PCR-Free,2016-07-07T14:46:10Z
WHH1292,MUX3969,M,Nano,2016-07-07T14:46:10Z
WHH1293,MUX3969,M,PCR-Free,2016-07-07T14:46:10Z
WHH1294,MUX3969,M,PCR-Free,2016-07-07T14:46:10Z
WHH1295,MUX3969,F,PCR-Free,2016-07-07T14:46:10Z
WHH1296,MUX3969,F,PCR-Free,2016-07-07T14:46:10Z
WHH1297,MUX3969,F,PCR-Free,2016-07-07T14:46:10Z
WHH1298,MUX3969,F,PCR-Free,2016-07-07T14:46:10Z
WHH1299,MUX3969,F,PCR-Free,2016-07-07T14:46:10Z
WHH1300,MUX3969,F,PCR-Free,2016-07-07T14:46:10Z
WHH1301,MUX3969,F,PCR-Free,2016-07-07T14:46:10Z
WHH1302,MUX3969,M,PCR-Free,2016-07-07T14:46:10Z
WHH1303,MUX3969,M,PCR-Free,2016-07-07T14:46:10Z
WHH1304,MUX3969,F,PCR-Free,2016-07-07T14:46:10Z
WHH1305,MUX3969,M,PCR-Free,2016-07-07T14:46:10Z
WHH1306,MUX3969,M,Nano,2016-07-07T14:46:10Z
WHH1307,MUX3969,F,PCR-Free,2016-07-07T14:46:10Z
WHH1308,MUX3969,M,PCR-Free,2016-07-07T14:46:10Z
WHH1309,MUX3969,F,PCR-Free,2016-07-07T14:46:10Z
WHH1310,MUX3969,M,PCR-Free,2016-07-07T14:46:10Z
WHH1311,MUX3969,F,Nano,2016-07-07T14:46:10Z
WHH1312,MUX3969,M,PCR-Free,2016-07-07T14:46:10Z
WHH1313,MUX3969,F,PCR-Free,2016-07-07T14:46:10Z
WHH1314,MUX3969,F,PCR-Free,2016-07-07T14:46:11Z
WHH1315,MUX3969,F,PCR-Free,2016-07-07T14:46:11Z
WHH1316,MUX3969,F,PCR-Free,2016-07-07T14:46:11Z
WHH1317,MUX3969,F,PCR-Free,2016-07-07T14:46:11Z
WHH1318,MUX3969,F,PCR-Free,2016-07-07T14:46:11Z
WHH1319,MUX3969,M,PCR-Free,2016-07-07T14:46:11Z
WHH1320,MUX3969,F,PCR-Free,2016-07-07T14:46:11Z
WHH1321,MUX3969,F,PCR-Free,2016-07-07T14:46:11Z
WHH1322,MUX3969,M,PCR-Free,2016-07-07T14:46:11Z
WHH1323,MUX3969,F,PCR-Free,2016-07-07T14:46:11Z
WHH1324,MUX3969,M,PCR-Free,2016-07-07T14:46:11Z
WHH1325,MUX3969,M,PCR-Free,2016-07-07T14:46:11Z
WHH1326,MUX3969,F,Nano,2016-07-07T14:46:11Z
WHH1327,MUX3969,F,PCR-Free,2016-07-07T14:46:11Z
WHH1328,MUX3969,M,PCR-Free,2016-07-07T14:46:11Z
WHH1329,MUX3969,F,PCR-Free,2016-07-07T14:46:11Z
WHH1330,MUX3969,F,PCR-Free,2016-07-07T14:46:11Z
WHH1331,MUX3969,F,PCR-Free,2016-07-07T14:46:11Z
WHH1332,MUX3969,F,PCR-Free,2016-07-07T14:46:11Z
WHH1333,MUX3969,F,PCR-Free,2016-07-07T14:46:11Z
WHH1334,MUX3969,F,PCR-Free,2016-07-07T14:46:11Z
WHH1335,MUX3969,F,PCR-Free,2016-07-07T14:46:11Z
WHH1336,MUX3969,M,PCR-Free,2016-07-07T14:46:11Z
WHH1337,MUX3969,F,PCR-Free,2016-07-07T14:46:11Z
WHH1338,MUX3969,F,PCR-Free,2016-07-07T14:46:11Z
WHH1339,MUX3969,F,PCR-Free,2016-07-07T14:46:12Z
WHH1340,MUX3969,F,PCR-Free,2016-07-07T14:46:12Z
WHH1341,MUX3969,F,PCR-Free,2016-07-07T14:46:12Z
WHH1342,MUX3969,M,PCR-Free,2016-07-07T14:46:12Z
WHH1343,MUX3969,F,PCR-Free,2016-07-07T14:46:12Z
WHH1344,MUX3969,M,PCR-Free,2016-07-07T14:46:12Z
WHH1345,MUX3969,F,PCR-Free,2016-07-07T14:46:12Z
WHH1346,MUX3969,F,PCR-Free,2016-07-07T14:46:12Z
WHH1347,MUX3969,M,PCR-Free,2016-07-07T14:46:12Z
WHH1348,MUX3969,F,Nano,2016-07-07T14:46:12Z
WHH1349,MUX3971,F,PCR-Free,2016-07-07T14:50:46Z
WHH1350,MUX3971,M,PCR-Free,2016-07-07T14:50:46Z
WHH1351,MUX3971,F,PCR-Free,2016-07-07T14:50:46Z
WHH1352,MUX3971,M,PCR-Free,2016-07-07T14:50:46Z
WHH1353,MUX3971,M,PCR-Free,2016-07-07T14:50:46Z
WHH1354,MUX3971,M,Nano,2016-07-07T14:50:46Z
WHH1355,MUX3971,F,PCR-Free,2016-07-07T14:50:46Z
WHH1356,MUX3971,F,PCR-Free,2016-07-07T14:50:46Z
WHH1357,MUX3971,F,PCR-Free,2016-07-07T14:50:46Z
WHH1358,MUX3971,M,Nano,2016-07-07T14:50:46Z
WHH1359,MUX3971,F,PCR-Free,2016-07-07T14:50:46Z
WHH1360,MUX3971,F,PCR-Free,2016-07-07T14:50:46Z
WHH1361,MUX3971,F,Nano,2016-07-07T14:50:46Z
WHH1362,MUX3971,F,Nano,2016-07-07T14:50:46Z
WHH1363,MUX3971,F,PCR-Free,2016-07-07T14:50:46Z
WHH1364,MUX3971,M,PCR-Free,2016-07-07T14:50:46Z
WHH1365,MUX3971,M,PCR-Free,2016-07-07T14:50:46Z
WHH1366,MUX3971,M,PCR-Free,2016-07-07T14:50:46Z
WHH1367,MUX3971,M,PCR-Free,2016-07-07T14:50:46Z
WHH1368,MUX3971,F,Nano,2016-07-07T14:50:46Z
WHH1369,MUX3971,F,PCR-Free,2016-07-07T14:50:46Z
WHH1370,MUX3971,M,PCR-Free,2016-07-07T14:50:46Z
WHH1371,MUX3971,M,PCR-Free,2016-07-07T14:50:46Z
WHH1372,MUX3971,M,PCR-Free,2016-07-07T14:50:46Z
WHH1373,MUX3971,M,Nano,2016-07-07T14:50:46Z
WHH1374,MUX3971,M,PCR-Free,2016-07-07T14:50:46Z
WHH1375,MUX3971,M,PCR-Free,2016-07-07T14:50:46Z
WHH1376,MUX3971,M,PCR-Free,2016-07-07T14:50:47Z
WHH1377,MUX3971,F,PCR-Free,2016-07-07T14:50:47Z
WHH1378,MUX3971,M,PCR-Free,2016-07-07T14:50:47Z
WHH1379,MUX3971,F,PCR-Free,2016-07-07T14:50:47Z
WHH1380,MUX3971,M,PCR-Free,2016-07-07T14:50:47Z
WHH1381,MUX3971,M,PCR-Free,2016-07-07T14:50:47Z
WHH1382,MUX3971,M,PCR-Free,2016-07-07T14:50:47Z
WHH1383,MUX3971,M,PCR-Free,2016-07-07T14:50:47Z
WHH1384,MUX3971,F,PCR-Free,2016-07-07T14:50:47Z
WHH1385,MUX3971,F,PCR-Free,2016-07-07T14:50:47Z
WHH1386,MUX3971,F,PCR-Free,2016-07-07T14:50:47Z
WHH1387,MUX3971,M,PCR-Free,2016-07-07T14:50:47Z
WHH1388,MUX3971,M,PCR-Free,2016-07-07T14:50:47Z
WHH1389,MUX3971,F,Nano,2016-07-07T14:50:47Z
WHH1390,MUX3971,M,PCR-Free,2016-07-07T14:50:47Z
WHH1391,MUX3971,F,PCR-Free,2016-07-07T14:50:47Z
WHH1392,MUX3971,M,Nano,2016-07-07T14:50:47Z
WHH1393,MUX3971,M,PCR-Free,2016-07-07T14:50:47Z
WHH1394,MUX3971,M,PCR-Free,2016-07-07T14:50:47Z
WHH1395,MUX3971,M,PCR-Free,2016-07-07T14:50:47Z
WHH1396,MUX3971,F,PCR-Free,2016-07-07T14:50:47Z
WHH1397,MUX3971,M,PCR-Free,2016-07-07T14:50:47Z
WHH1398,MUX3971,M,PCR-Free,2016-07-07T14:50:47Z
WHH1399,MUX3971,M,PCR-Free,2016-07-07T14:50:47Z
WHH1400,MUX3971,M,Nano,2016-07-07T14:50:47Z
WHH1401,MUX3971,F,PCR-Free,2016-07-07T14:50:47Z
WHH1402,MUX3971,M,PCR-Free,2016-07-07T14:50:47Z
WHH1403,MUX3971,F,PCR-Free,2016-07-07T14:50:47Z
WHH1404,MUX3971,F,PCR-Free,2016-07-07T14:50:47Z
WHH1405,MUX3971,F,PCR-Free,2016-07-07T14:50:47Z
WHH1406,MUX3971,F,Nano,2016-07-07T14:50:47Z
WHH1407,MUX3971,F,PCR-Free,2016-07-07T14:50:47Z
WHH1408,MUX3971,M,PCR-Free,2016-07-07T14:50:47Z
WHH1409,MUX3971,F,PCR-Free,2016-07-07T14:50:47Z
WHH1410,MUX3971,F,Nano,2016-07-07T14:50:48Z
WHH1411,MUX3971,F,PCR-Free,2016-07-07T14:50:48Z
WHH1412,MUX3971,F,PCR-Free,2016-07-07T14:50:48Z
WHH1413,MUX3971,F,PCR-Free,2016-07-07T14:50:48Z
WHH1414,MUX3971,M,PCR-Free,2016-07-07T14:50:48Z
WHH1415,MUX3971,M,PCR-Free,2016-07-07T14:50:48Z
WHH1416,MUX3971,M,PCR-Free,2016-07-07T14:50:48Z
WHH1417,MUX3971,F,PCR-Free,2016-07-07T14:50:48Z
WHH1418,MUX3971,M,Nano,2016-07-07T14:50:48Z
WHH1419,MUX3971,F,PCR-Free,2016-07-07T14:50:48Z
WHH1420,MUX3971,M,PCR-Free,2016-07-07T14:50:48Z
WHH1421,MUX3971,F,PCR-Free,2016-07-07T14:50:48Z
WHH1422,MUX3971,M,PCR-Free,2016-07-07T14:50:48Z
WHH1423,MUX3971,F,PCR-Free,2016-07-07T14:50:48Z
WHH1424,MUX3971,M,PCR-Free,2016-07-07T14:50:48Z
WHH1425,MUX3971,M,PCR-Free,2016-07-07T14:50:48Z
WHH1426,MUX3971,F,PCR-Free,2016-07-07T14:50:48Z
WHH1427,MUX3971,M,PCR-Free,2016-07-07T14:50:48Z
WHH1428,MUX3971,F,PCR-Free,2016-07-07T14:50:48Z
WHH1429,MUX3971,F,PCR-Free,2016-07-07T14:50:48Z
WHH1430,MUX3971,F,Nano,2016-07-07T14:50:48Z
WHH1431,MUX3971,F,PCR-Free,2016-07-07T14:50:48Z
WHH1432,MUX3971,F,PCR-Free,2016-07-07T14:50:48Z
WHH1433,MUX3971,F,PCR-Free,2016-07-07T14:50:48Z
WHH1434,MUX3971,F,PCR-Free,2016-07-07T14:50:48Z
WHH1435,MUX3971,M,PCR-Free,2016-07-07T14:50:48Z
WHH1436,MUX3971,M,PCR-Free,2016-07-07T14:50:48Z
WHH1437,MUX3971,M,PCR-Free,2016-07-07T14:50:48Z
WHH1438,MUX3971,M,PCR-Free,2016-07-07T14:50:48Z
WHH1439,MUX3971,M,Nano,2016-07-07T14:50:48Z
WHH1440,MUX3971,M,Nano,2016-07-07T14:50:49Z
WHH1441,MUX3971,F,PCR-Free,2016-07-07T14:50:49Z
WHH1442,MUX3971,M,PCR-Free,2016-07-07T14:50:49Z
WHH1443,MUX3971,F,PCR-Free,2016-07-07T14:50:49Z
WHH1444,MUX3971,F,PCR-Free,2016-07-07T14:50:49Z
WHH1448,MUX4050,M,PCR-Free,2016-07-25T14:01:25Z
WHH1449,MUX4050,F,PCR-Free,2016-07-25T14:01:25Z
WHH1450,MUX4050,F,PCR-Free,2016-07-25T14:01:25Z
WHH1451,MUX4050,F,PCR-Free,2016-07-25T14:01:25Z
WHH1452,MUX4050,M,Nano,2016-07-25T14:01:26Z
WHH1453,MUX4050,F,PCR-Free,2016-07-25T14:01:26Z
WHH1454,MUX4050,M,PCR-Free,2016-07-25T14:01:26Z
WHH1455,MUX4050,M,PCR-Free,2016-07-25T14:01:26Z
WHH1456,MUX4050,M,PCR-Free,2016-07-25T14:01:26Z
WHH1457,MUX4050,F,PCR-Free,2016-07-25T14:01:26Z
WHH1458,MUX4050,F,PCR-Free,2016-07-25T14:01:26Z
WHH1459,MUX4050,F,PCR-Free,2016-07-25T14:01:26Z
WHH1460,MUX4050,M,PCR-Free,2016-07-25T14:01:27Z
WHH1461,MUX4050,M,PCR-Free,2016-07-25T14:01:27Z
WHH1462,MUX4050,M,PCR-Free,2016-07-25T14:01:27Z
WHH1463,MUX4050,M,PCR-Free,2016-07-25T14:01:27Z
WHH1464,MUX4050,M,PCR-Free,2016-07-25T14:01:27Z
WHH1465,MUX4050,M,PCR-Free,2016-07-25T14:01:27Z
WHH1466,MUX4050,F,PCR-Free,2016-07-25T14:01:27Z
WHH1467,MUX4050,M,PCR-Free,2016-07-25T14:01:27Z
WHH1468,MUX4050,M,Nano,2016-07-25T14:01:27Z
WHH1469,MUX4050,F,PCR-Free,2016-07-25T14:01:27Z
WHH1470,MUX4050,M,PCR-Free,2016-07-25T14:01:27Z
WHH1471,MUX4050,F,PCR-Free,2016-07-25T14:01:27Z
WHH1472,MUX4050,M,PCR-Free,2016-07-25T14:01:28Z
WHH1473,MUX4050,F,PCR-Free,2016-07-25T14:01:28Z
WHH1474,MUX4050,F,PCR-Free,2016-07-25T14:01:28Z
WHH1475,MUX4050,M,PCR-Free,2016-07-25T14:01:28Z
WHH1476,MUX4050,F,PCR-Free,2016-07-25T14:01:28Z
WHH1477,MUX4050,F,PCR-Free,2016-07-25T14:01:28Z
WHH1478,MUX4050,F,PCR-Free,2016-07-25T14:01:28Z
WHH1479,MUX4050,M,PCR-Free,2016-07-25T14:01:28Z
WHH1480,MUX4050,F,Nano,2016-07-25T14:01:28Z
WHH1481,MUX4050,F,PCR-Free,2016-07-25T14:01:28Z
WHH1482,MUX4050,F,PCR-Free,2016-07-25T14:01:28Z
WHH1483,MUX4050,F,PCR-Free,2016-07-25T14:01:29Z
WHH1484,MUX4050,F,PCR-Free,2016-07-25T14:01:29Z
WHH1485,MUX4050,F,PCR-Free,2016-07-25T14:01:29Z
WHH1486,MUX4050,F,PCR-Free,2016-07-25T14:01:29Z
WHH1487,MUX4050,F,Nano,2016-07-25T14:01:29Z
WHH1488,MUX4050,F,PCR-Free,2016-07-25T14:01:29Z
WHH1489,MUX4050,M,PCR-Free,2016-07-25T14:01:29Z
WHH1490,MUX4050,F,PCR-Free,2016-07-25T14:01:29Z
WHH1491,MUX4050,F,PCR-Free,2016-07-25T14:01:29Z
WHH1492,MUX4050,M,PCR-Free,2016-07-25T14:01:29Z
WHH1493,MUX4050,F,PCR-Free,2016-07-25T14:01:29Z
WHH1494,MUX4050,F,PCR-Free,2016-07-25T14:01:29Z
WHH1495,MUX4050,F,PCR-Free,2016-07-25T14:01:29Z
WHH1496,MUX4050,F,PCR-Free,2016-07-25T14:01:29Z
WHH1497,MUX4050,F,PCR-Free,2016-07-25T14:01:29Z
WHH1498,MUX4050,F,PCR-Free,2016-07-25T14:01:29Z
WHH1499,MUX4050,M,PCR-Free,2016-07-25T14:01:30Z
WHH1500,MUX4050,F,PCR-Free,2016-07-25T14:01:30Z
WHH1501,MUX4050,F,PCR-Free,2016-07-25T14:01:30Z
WHH1502,MUX4050,M,PCR-Free,2016-07-25T14:01:30Z
WHH1503,MUX4050,F,PCR-Free,2016-07-25T14:01:30Z
WHH1504,MUX4050,F,PCR-Free,2016-07-25T14:01:30Z
WHH1505,MUX4050,F,PCR-Free,2016-07-25T14:01:30Z
WHH1506,MUX4050,F,PCR-Free,2016-07-25T14:01:30Z
WHH1507,MUX4050,F,PCR-Free,2016-07-25T14:01:30Z
WHH1508,MUX4050,F,PCR-Free,2016-07-25T14:01:30Z
WHH1509,MUX4050,F,PCR-Free,2016-07-25T14:01:31Z
WHH1510,MUX4050,M,PCR-Free,2016-07-25T14:01:31Z
WHH1511,MUX4050,M,PCR-Free,2016-07-25T14:01:31Z
WHH1512,MUX4050,M,PCR-Free,2016-07-25T14:01:31Z
WHH1513,MUX4050,M,PCR-Free,2016-07-25T14:01:31Z
WHH1514,MUX4050,M,PCR-Free,2016-07-25T14:01:31Z
WHH1515,MUX4050,F,PCR-Free,2016-07-25T14:01:32Z
WHH1516,MUX4050,M,PCR-Free,2016-07-25T14:01:32Z
WHH1517,MUX4050,F,PCR-Free,2016-07-25T14:01:32Z
WHH1518,MUX4050,M,Nano,2016-07-25T14:01:32Z
WHH1519,MUX4050,F,Nano,2016-07-25T14:01:32Z
WHH1520,MUX4050,M,PCR-Free,2016-07-25T14:01:32Z
WHH1521,MUX4050,M,PCR-Free,2016-07-25T14:01:32Z
WHH1522,MUX4050,F,PCR-Free,2016-07-25T14:01:32Z
WHH1523,MUX4050,F,Nano,2016-07-25T14:01:32Z
WHH1524,MUX4050,M,PCR-Free,2016-07-25T14:01:32Z
WHH1525,MUX4050,M,PCR-Free,2016-07-25T14:01:32Z
WHH1526,MUX4050,F,PCR-Free,2016-07-25T14:01:32Z
WHH1527,MUX4050,F,PCR-Free,2016-07-25T14:01:32Z
WHH1528,MUX4050,M,PCR-Free,2016-07-25T14:01:32Z
WHH1529,MUX4050,F,PCR-Free,2016-07-25T14:01:32Z
WHH1530,MUX4050,F,PCR-Free,2016-07-25T14:01:32Z
WHH1531,MUX4050,F,PCR-Free,2016-07-25T14:01:32Z
WHH1532,MUX4050,F,PCR-Free,2016-07-25T14:01:32Z
WHH1533,MUX4050,M,PCR-Free,2016-07-25T14:01:33Z
WHH1534,MUX4050,F,PCR-Free,2016-07-25T14:01:33Z
WHH1535,MUX4050,M,PCR-Free,2016-07-25T14:01:33Z
WHH1536,MUX4050,F,Nano,2016-07-25T14:01:33Z
WHH1537,MUX4050,F,PCR-Free,2016-07-25T14:01:33Z
WHH1538,MUX4050,F,PCR-Free,2016-07-25T14:01:33Z
WHH1539,MUX4050,M,PCR-Free,2016-07-25T14:01:33Z
WHH1540,MUX4050,F,PCR-Free,2016-07-25T14:01:34Z
WHH1541,MUX4050,F,PCR-Free,2016-07-25T14:01:34Z
WHH1542,MUX4050,F,PCR-Free,2016-07-25T14:01:34Z
WHH1543,MUX4050,F,PCR-Free,2016-07-25T14:01:35Z
WHH1544,MUX4068,M,PCR-Free,2016-08-01T15:34:09Z
WHH1545,MUX4068,F,PCR-Free,2016-08-01T15:34:09Z
WHH1546,MUX4068,F,PCR-Free,2016-08-01T15:34:10Z
WHH1547,MUX4068,M,PCR-Free,2016-08-01T15:34:10Z
WHH1548,MUX4068,F,PCR-Free,2016-08-01T15:34:10Z
WHH1549,MUX4068,F,PCR-Free,2016-08-01T15:34:10Z
WHH1550,MUX4068,F,PCR-Free,2016-08-01T15:34:10Z
WHH1551,MUX4068,M,PCR-Free,2016-08-01T15:34:10Z
WHH1552,MUX4068,M,PCR-Free,2016-08-01T15:34:10Z
WHH1553,MUX4068,F,PCR-Free,2016-08-01T15:34:10Z
WHH1554,MUX4068,F,Nano,2016-08-01T15:34:10Z
WHH1555,MUX4068,M,PCR-Free,2016-08-01T15:34:10Z
WHH1556,MUX4068,M,PCR-Free,2016-08-01T15:34:10Z
WHH1557,MUX4068,F,PCR-Free,2016-08-01T15:34:10Z
WHH1558,MUX4068,F,PCR-Free,2016-08-01T15:34:10Z
WHH1559,MUX4068,M,PCR-Free,2016-08-01T15:34:10Z
WHH1560,MUX4068,F,PCR-Free,2016-08-01T15:34:10Z
WHH1561,MUX4068,F,PCR-Free,2016-08-01T15:34:10Z
WHH1562,MUX4068,M,PCR-Free,2016-08-01T15:34:10Z
WHH1563,MUX4068,M,PCR-Free,2016-08-01T15:34:10Z
WHH1564,MUX4068,F,PCR-Free,2016-08-01T15:34:10Z
WHH1565,MUX4068,F,PCR-Free,2016-08-01T15:34:10Z
WHH1566,MUX4068,M,PCR-Free,2016-08-01T15:34:10Z
WHH1567,MUX4068,F,Nano,2016-08-01T15:34:10Z
WHH1568,MUX4068,F,PCR-Free,2016-08-01T15:34:10Z
WHH1569,MUX4068,M,PCR-Free,2016-08-01T15:34:10Z
WHH1570,MUX4068,F,PCR-Free,2016-08-01T15:34:10Z
WHH1571,MUX4068,F,PCR-Free,2016-08-01T15:34:11Z
WHH1572,MUX4068,F,PCR-Free,2016-08-01T15:34:11Z
WHH1573,MUX4068,F,Nano,2016-08-01T15:34:11Z
WHH1574,MUX4068,F,PCR-Free,2016-08-01T15:34:11Z
WHH1575,MUX4068,F,PCR-Free,2016-08-01T15:34:11Z
WHH1576,MUX4068,M,PCR-Free,2016-08-01T15:34:11Z
WHH1577,MUX4068,M,PCR-Free,2016-08-01T15:34:11Z
WHH1578,MUX4068,M,PCR-Free,2016-08-01T15:34:11Z
WHH1579,MUX4068,F,PCR-Free,2016-08-01T15:34:11Z
WHH1580,MUX4068,F,PCR-Free,2016-08-01T15:34:11Z
WHH1581,MUX4068,M,PCR-Free,2016-08-01T15:34:11Z
WHH1582,MUX4068,M,PCR-Free,2016-08-01T15:34:11Z
WHH1583,MUX4068,F,PCR-Free,2016-08-01T15:34:11Z
WHH1584,MUX4068,F,PCR-Free,2016-08-01T15:34:11Z
WHH1585,MUX4068,F,PCR-Free,2016-08-01T15:34:11Z
WHH1586,MUX4068,M,PCR-Free,2016-08-01T15:34:11Z
WHH1587,MUX4068,F,Nano,2016-08-01T15:34:11Z
WHH1588,MUX4068,F,PCR-Free,2016-08-01T15:34:11Z
WHH1589,MUX4068,M,PCR-Free,2016-08-01T15:34:12Z
WHH1590,MUX4068,F,PCR-Free,2016-08-01T15:34:12Z
WHH1591,MUX4068,F,PCR-Free,2016-08-01T15:34:12Z
WHH1592,MUX4068,F,PCR-Free,2016-08-01T15:34:12Z
WHH1593,MUX4068,F,PCR-Free,2016-08-01T15:34:12Z
WHH1594,MUX4068,F,PCR-Free,2016-08-01T15:34:12Z
WHH1595,MUX4068,F,PCR-Free,2016-08-01T15:34:12Z
WHH1596,MUX4068,F,Nano,2016-08-01T15:34:12Z
WHH1597,MUX4068,M,PCR-Free,2016-08-01T15:34:12Z
WHH1598,MUX4068,F,PCR-Free,2016-08-01T15:34:12Z
WHH1599,MUX4068,F,PCR-Free,2016-08-01T15:34:12Z
WHH1600,MUX4068,M,PCR-Free,2016-08-01T15:34:12Z
WHH1601,MUX4068,M,PCR-Free,2016-08-01T15:34:12Z
WHH1602,MUX4068,F,Nano,2016-08-01T15:34:12Z
WHH1603,MUX4068,M,PCR-Free,2016-08-01T15:34:12Z
WHH1604,MUX4068,F,PCR-Free,2016-08-01T15:34:12Z
WHH1605,MUX4068,F,PCR-Free,2016-08-01T15:34:12Z
WHH1606,MUX4068,F,PCR-Free,2016-08-01T15:34:12Z
WHH1607,MUX4068,F,PCR-Free,2016-08-01T15:34:13Z
WHH1608,MUX4068,M,PCR-Free,2016-08-01T15:34:13Z
WHH1609,MUX4068,M,PCR-Free,2016-08-01T15:34:13Z
WHH1610,MUX4068,F,PCR-Free,2016-08-01T15:34:13Z
WHH1611,MUX4068,F,PCR-Free,2016-08-01T15:34:13Z
WHH1612,MUX4068,F,PCR-Free,2016-08-01T15:34:13Z
WHH1613,MUX4068,F,PCR-Free,2016-08-01T15:34:13Z
WHH1614,MUX4068,F,PCR-Free,2016-08-01T15:34:13Z
WHH1615,MUX4068,F,PCR-Free,2016-08-01T15:34:13Z
WHH1616,MUX4068,F,PCR-Free,2016-08-01T15:34:13Z
WHH1617,MUX4068,M,PCR-Free,2016-08-01T15:34:13Z
WHH1618,MUX4068,M,Nano,2016-08-01T15:34:13Z
WHH1619,MUX4068,M,PCR-Free,2016-08-01T15:34:13Z
WHH1620,MUX4068,F,PCR-Free,2016-08-01T15:34:13Z
WHH1621,MUX4068,M,PCR-Free,2016-08-01T15:34:13Z
WHH1622,MUX4068,M,PCR-Free,2016-08-01T15:34:13Z
WHH1623,MUX4068,F,PCR-Free,2016-08-01T15:34:13Z
WHH1624,MUX4068,F,PCR-Free,2016-08-01T15:34:13Z
WHH1625,MUX4068,F,PCR-Free,2016-08-01T15:34:14Z
WHH1626,MUX4068,M,PCR-Free,2016-08-01T15:34:14Z
WHH1627,MUX4068,F,Nano,2016-08-01T15:34:14Z
WHH1628,MUX4068,M,PCR-Free,2016-08-01T15:34:14Z
WHH1629,MUX4068,M,PCR-Free,2016-08-01T15:34:14Z
WHH1630,MUX4068,M,PCR-Free,2016-08-01T15:34:14Z
WHH1631,MUX4068,M,PCR-Free,2016-08-01T15:34:14Z
WHH1632,MUX4068,M,Nano,2016-08-01T15:34:14Z
WHH1633,MUX4068,F,Nano,2016-08-01T15:34:14Z
WHH1634,MUX4068,F,PCR-Free,2016-08-01T15:34:14Z
WHH1635,MUX4068,M,PCR-Free,2016-08-01T15:34:14Z
WHH1636,MUX4068,F,PCR-Free,2016-08-01T15:34:14Z
WHH1637,MUX4068,F,PCR-Free,2016-08-01T15:34:14Z
WHH1638,MUX4068,F,PCR-Free,2016-08-01T15:34:14Z
WHH1639,MUX4068,F,Nano,2016-08-01T15:34:15Z
WHH1640,MUX4095,F,PCR-Free,2016-08-08T15:12:51Z
WHH1641,MUX4095,F,PCR-Free,2016-08-08T15:12:51Z
WHH1642,MUX4095,M,PCR-Free,2016-08-08T15:12:51Z
WHH1643,MUX4095,M,PCR-Free,2016-08-08T15:12:51Z
WHH1644,MUX4095,M,PCR-Free,2016-08-08T15:12:51Z
WHH1645,MUX4095,M,PCR-Free,2016-08-08T15:12:51Z
WHH1646,MUX4095,F,PCR-Free,2016-08-08T15:12:51Z
WHH1647,MUX4095,M,PCR-Free,2016-08-08T15:12:51Z
WHH1648,MUX4095,F,PCR-Free,2016-08-08T15:12:51Z
WHH1649,MUX4095,F,PCR-Free,2016-08-08T15:12:51Z
WHH1650,MUX4095,M,PCR-Free,2016-08-08T15:12:51Z
WHH1651,MUX4095,F,PCR-Free,2016-08-08T15:12:51Z
WHH1652,MUX4095,F,PCR-Free,2016-08-08T15:12:51Z
WHH1653,MUX4095,F,PCR-Free,2016-08-08T15:12:51Z
WHH1654,MUX4095,M,PCR-Free,2016-08-08T15:12:51Z
WHH1655,MUX4095,M,PCR-Free,2016-08-08T15:12:51Z
WHH1656,MUX4095,F,PCR-Free,2016-08-08T15:12:51Z
WHH1657,MUX4095,M,PCR-Free,2016-08-08T15:12:51Z
WHH1658,MUX4095,M,PCR-Free,2016-08-08T15:12:51Z
WHH1659,MUX4095,M,PCR-Free,2016-08-08T15:12:51Z
WHH1660,MUX4095,F,PCR-Free,2016-08-08T15:12:51Z
WHH1661,MUX4095,F,Nano,2016-08-08T15:12:52Z
WHH1662,MUX4095,M,PCR-Free,2016-08-08T15:12:52Z
WHH1663,MUX4095,F,PCR-Free,2016-08-08T15:12:52Z
WHH1664,MUX4095,F,PCR-Free,2016-08-08T15:12:52Z
WHH1665,MUX4095,M,PCR-Free,2016-08-08T15:12:52Z
WHH1666,MUX4095,F,PCR-Free,2016-08-08T15:12:52Z
WHH1667,MUX4095,M,PCR-Free,2016-08-08T15:12:52Z
WHH1668,MUX4095,F,PCR-Free,2016-08-08T15:12:52Z
WHH1669,MUX4095,F,PCR-Free,2016-08-08T15:12:52Z
WHH1670,MUX4095,M,PCR-Free,2016-08-08T15:12:52Z
WHH1671,MUX4095,M,PCR-Free,2016-08-08T15:12:52Z
WHH1672,MUX4095,F,PCR-Free,2016-08-08T15:12:52Z
WHH1673,MUX4095,F,PCR-Free,2016-08-08T15:12:52Z
WHH1674,MUX4095,M,PCR-Free,2016-08-08T15:12:52Z
WHH1675,MUX4095,M,PCR-Free,2016-08-08T15:12:53Z
WHH1676,MUX4095,F,PCR-Free,2016-08-08T15:12:53Z
WHH1677,MUX4095,F,PCR-Free,2016-08-08T15:12:53Z
WHH1678,MUX4095,F,PCR-Free,2016-08-08T15:12:53Z
WHH1679,MUX4095,F,PCR-Free,2016-08-08T15:12:53Z
WHH1680,MUX4095,M,PCR-Free,2016-08-08T15:12:53Z
WHH1681,MUX4095,F,PCR-Free,2016-08-08T15:12:53Z
WHH1682,MUX4095,F,PCR-Free,2016-08-08T15:12:53Z
WHH1683,MUX4095,M,PCR-Free,2016-08-08T15:12:53Z
WHH1684,MUX4095,M,PCR-Free,2016-08-08T15:12:53Z
WHH1685,MUX4095,M,PCR-Free,2016-08-08T15:12:53Z
WHH1686,MUX4095,M,PCR-Free,2016-08-08T15:12:53Z
WHH1687,MUX4095,M,PCR-Free,2016-08-08T15:12:53Z
WHH1688,MUX4095,F,PCR-Free,2016-08-08T15:12:53Z
WHH1689,MUX4095,F,PCR-Free,2016-08-08T15:12:53Z
WHH1690,MUX4095,M,PCR-Free,2016-08-08T15:12:53Z
WHH1691,MUX4095,M,PCR-Free,2016-08-08T15:12:53Z
WHH1692,MUX4095,F,PCR-Free,2016-08-08T15:12:53Z
WHH1693,MUX4095,M,PCR-Free,2016-08-08T15:12:53Z
WHH1694,MUX4095,F,Nano,2016-08-08T15:12:53Z
WHH1695,MUX4095,M,Nano,2016-08-08T15:12:53Z
WHH1696,MUX4095,M,PCR-Free,2016-08-08T15:12:53Z
WHH1697,MUX4095,M,Nano,2016-08-08T15:12:53Z
WHH1698,MUX4095,F,PCR-Free,2016-08-08T15:12:53Z
WHH1699,MUX4095,F,PCR-Free,2016-08-08T15:12:53Z
WHH1700,MUX4095,F,PCR-Free,2016-08-08T15:12:53Z
WHH1701,MUX4095,F,PCR-Free,2016-08-08T15:12:54Z
WHH1702,MUX4095,F,PCR-Free,2016-08-08T15:12:54Z
WHH1703,MUX4095,M,PCR-Free,2016-08-08T15:12:54Z
WHH1704,MUX4095,F,PCR-Free,2016-08-08T15:12:54Z
WHH1705,MUX4095,F,PCR-Free,2016-08-08T15:12:54Z
WHH1706,MUX4095,F,PCR-Free,2016-08-08T15:12:54Z
WHH1707,MUX4095,M,Nano,2016-08-08T15:12:54Z
WHH1708,MUX4095,F,PCR-Free,2016-08-08T15:12:54Z
WHH1709,MUX4095,F,PCR-Free,2016-08-08T15:12:54Z
WHH1710,MUX4095,F,PCR-Free,2016-08-08T15:12:54Z
WHH1711,MUX4095,F,PCR-Free,2016-08-08T15:12:54Z
WHH1712,MUX4095,M,PCR-Free,2016-08-08T15:12:54Z
WHH1713,MUX4095,F,PCR-Free,2016-08-08T15:12:54Z
WHH1714,MUX4095,F,PCR-Free,2016-08-08T15:12:54Z
WHH1715,MUX4095,F,PCR-Free,2016-08-08T15:12:54Z
WHH1716,MUX4095,M,PCR-Free,2016-08-08T15:12:54Z
WHH1717,MUX4095,F,PCR-Free,2016-08-08T15:12:54Z
WHH1718,MUX4095,F,PCR-Free,2016-08-08T15:12:54Z
WHH1719,MUX4095,F,PCR-Free,2016-08-08T15:12:54Z
WHH1720,MUX4095,M,PCR-Free,2016-08-08T15:12:54Z
WHH1721,MUX4095,M,PCR-Free,2016-08-08T15:12:54Z
WHH1722,MUX4095,M,PCR-Free,2016-08-08T15:12:54Z
WHH1723,MUX4095,F,PCR-Free,2016-08-08T15:12:54Z
WHH1725,MUX4095,F,PCR-Free,2016-08-08T15:12:54Z
WHH1726,MUX4095,F,PCR-Free,2016-08-08T15:12:54Z
WHH1727,MUX4095,M,PCR-Free,2016-08-08T15:12:55Z
WHH1728,MUX4095,M,PCR-Free,2016-08-08T15:12:55Z
WHH1729,MUX4095,F,PCR-Free,2016-08-08T15:12:55Z
WHH1730,MUX4095,M,Nano,2016-08-08T15:12:55Z
WHH1731,MUX4095,M,PCR-Free,2016-08-08T15:12:55Z
WHH1732,MUX4095,F,PCR-Free,2016-08-08T15:12:55Z
WHH1733,MUX4095,M,PCR-Free,2016-08-08T15:12:55Z
WHH1734,MUX4095,M,PCR-Free,2016-08-08T15:12:55Z
WHH1735,MUX4095,F,PCR-Free,2016-08-08T15:12:55Z
WHH1736,MUX4111,F,PCR-Free,2016-08-15T16:14:39Z
WHH1737,MUX4111,M,PCR-Free,2016-08-15T16:14:39Z
WHH1738,MUX4111,F,PCR-Free,2016-08-15T16:14:39Z
WHH1739,MUX4111,M,PCR-Free,2016-08-15T16:14:40Z
WHH1740,MUX4111,F,PCR-Free,2016-08-15T16:14:40Z
WHH1741,MUX4111,F,PCR-Free,2016-08-15T16:14:40Z
WHH1742,MUX4111,M,PCR-Free,2016-08-15T16:14:40Z
WHH1743,MUX4111,M,PCR-Free,2016-08-15T16:14:40Z
WHH1744,MUX4111,F,Nano,2016-08-15T16:14:40Z
WHH1745,MUX4111,M,Nano,2016-08-15T16:14:40Z
WHH1746,MUX4111,F,PCR-Free,2016-08-15T16:14:40Z
WHH1747,MUX4111,F,PCR-Free,2016-08-15T16:14:40Z
WHH1748,MUX4111,M,PCR-Free,2016-08-15T16:14:40Z
WHH1749,MUX4111,M,PCR-Free,2016-08-15T16:14:40Z
WHH1750,MUX4111,M,PCR-Free,2016-08-15T16:14:40Z
WHH1751,MUX4111,M,PCR-Free,2016-08-15T16:14:40Z
WHH1752,MUX4111,F,PCR-Free,2016-08-15T16:14:40Z
WHH1753,MUX4111,F,PCR-Free,2016-08-15T16:14:40Z
WHH1754,MUX4111,F,PCR-Free,2016-08-15T16:14:40Z
WHH1755,MUX4111,M,PCR-Free,2016-08-15T16:14:40Z
WHH1756,MUX4111,M,PCR-Free,2016-08-15T16:14:40Z
WHH1757,MUX4111,M,PCR-Free,2016-08-15T16:14:41Z
WHH1758,MUX4111,M,PCR-Free,2016-08-15T16:14:41Z
WHH1759,MUX4111,M,PCR-Free,2016-08-15T16:14:41Z
WHH1760,MUX4111,F,PCR-Free,2016-08-15T16:14:41Z
WHH1761,MUX4111,F,PCR-Free,2016-08-15T16:14:41Z
WHH1762,MUX4111,M,PCR-Free,2016-08-15T16:14:41Z
WHH1764,MUX4111,F,PCR-Free,2016-08-15T16:14:41Z
WHH1765,MUX4111,F,PCR-Free,2016-08-15T16:14:41Z
WHH1766,MUX4111,M,PCR-Free,2016-08-15T16:14:41Z
WHH1767,MUX4111,F,PCR-Free,2016-08-15T16:14:41Z
WHH1768,MUX4111,M,PCR-Free,2016-08-15T16:14:41Z
WHH1769,MUX4111,M,PCR-Free,2016-08-15T16:14:41Z
WHH1770,MUX4111,F,PCR-Free,2016-08-15T16:14:41Z
WHH1771,MUX4111,F,PCR-Free,2016-08-15T16:14:41Z
WHH1772,MUX4111,F,PCR-Free,2016-08-15T16:14:41Z
WHH1773,MUX4111,M,PCR-Free,2016-08-15T16:14:41Z
WHH1774,MUX4111,M,PCR-Free,2016-08-15T16:14:41Z
WHH1775,MUX4111,M,PCR-Free,2016-08-15T16:14:41Z
WHH1776,MUX4111,F,PCR-Free,2016-08-15T16:14:41Z
WHH1777,MUX4111,M,PCR-Free,2016-08-15T16:14:42Z
WHH1778,MUX4111,F,PCR-Free,2016-08-15T16:14:42Z
WHH1779,MUX4111,F,Nano,2016-08-15T16:14:42Z
WHH1780,MUX4111,F,Nano,2016-08-15T16:14:42Z
WHH1781,MUX4111,M,Nano,2016-08-15T16:14:42Z
WHH1782,MUX4111,M,PCR-Free,2016-08-15T16:14:42Z
WHH1783,MUX4111,F,PCR-Free,2016-08-15T16:14:42Z
WHH1784,MUX4111,F,PCR-Free,2016-08-15T16:14:42Z
WHH1785,MUX4111,F,PCR-Free,2016-08-15T16:14:42Z
WHH1786,MUX4111,M,PCR-Free,2016-08-15T16:14:42Z
WHH1787,MUX4111,M,PCR-Free,2016-08-15T16:14:42Z
WHH1788,MUX4111,F,Nano,2016-08-15T16:14:42Z
WHH1789,MUX4111,M,PCR-Free,2016-08-15T16:14:42Z
WHH1790,MUX4111,M,PCR-Free,2016-08-15T16:14:42Z
WHH1791,MUX4111,F,Nano,2016-08-15T16:14:42Z
WHH1792,MUX4111,M,PCR-Free,2016-08-15T16:14:42Z
WHH1793,MUX4111,M,PCR-Free,2016-08-15T16:14:42Z
WHH1794,MUX4111,M,PCR-Free,2016-08-15T16:14:42Z
WHH1795,MUX4111,M,PCR-Free,2016-08-15T16:14:42Z
WHH1796,MUX4111,F,Nano,2016-08-15T16:14:42Z
WHH1797,MUX4111,M,PCR-Free,2016-08-15T16:14:42Z
WHH1798,MUX4111,M,PCR-Free,2016-08-15T16:14:42Z
WHH1799,MUX4111,M,PCR-Free,2016-08-15T16:14:42Z
WHH1800,MUX4111,M,PCR-Free,2016-08-15T16:14:42Z
WHH1801,MUX4111,F,PCR-Free,2016-08-15T16:14:43Z
WHH1802,MUX4111,F,PCR-Free,2016-08-15T16:14:43Z
WHH1803,MUX4111,F,PCR-Free,2016-08-15T16:14:43Z
WHH1804,MUX4111,M,PCR-Free,2016-08-15T16:14:43Z
WHH1805,MUX4111,F,PCR-Free,2016-08-15T16:14:43Z
WHH1806,MUX4111,F,Nano,2016-08-15T16:14:43Z
WHH1807,MUX4111,F,Nano,2016-08-15T16:14:43Z
WHH1808,MUX4111,F,Nano,2016-08-15T16:14:43Z
WHH1809,MUX4111,M,PCR-Free,2016-08-15T16:14:43Z
WHH1810,MUX4111,M,PCR-Free,2016-08-15T16:14:43Z
WHH1811,MUX4111,F,PCR-Free,2016-08-15T16:14:43Z
WHH1812,MUX4111,M,PCR-Free,2016-08-15T16:14:43Z
WHH1813,MUX4111,M,PCR-Free,2016-08-15T16:14:43Z
WHH1814,MUX4111,F,Nano,2016-08-15T16:14:43Z
WHH1815,MUX4111,F,PCR-Free,2016-08-15T16:14:43Z
WHH1816,MUX4111,F,PCR-Free,2016-08-15T16:14:43Z
WHH1817,MUX4111,M,PCR-Free,2016-08-15T16:14:43Z
WHH1818,MUX4112,F,PCR-Free,2016-08-15T16:17:46Z
WHH1819,MUX4112,F,PCR-Free,2016-08-15T16:17:46Z
WHH1820,MUX4112,F,PCR-Free,2016-08-15T16:17:46Z
WHH1821,MUX4112,F,PCR-Free,2016-08-15T16:17:46Z
WHH1822,MUX4112,F,PCR-Free,2016-08-15T16:17:46Z
WHH1823,MUX4112,M,PCR-Free,2016-08-15T16:17:46Z
WHH1824,MUX4112,M,Nano,2016-08-15T16:17:46Z
WHH1825,MUX4112,M,Nano,2016-08-15T16:17:46Z
WHH1826,MUX4112,M,PCR-Free,2016-08-15T16:17:46Z
WHH1827,MUX4112,F,Nano,2016-08-15T16:17:46Z
WHH1828,MUX4112,F,PCR-Free,2016-08-15T16:17:46Z
WHH1829,MUX4112,F,PCR-Free,2016-08-15T16:17:46Z
WHH1830,MUX4112,M,PCR-Free,2016-08-15T16:17:46Z
WHH1831,MUX4112,F,PCR-Free,2016-08-15T16:17:46Z
WHH1832,MUX4127,F,PCR-Free,2016-08-22T14:57:54Z
WHH1833,MUX4127,M,PCR-Free,2016-08-22T14:57:55Z
WHH1834,MUX4127,M,PCR-Free,2016-08-22T14:57:55Z
WHH1835,MUX4127,M,PCR-Free,2016-08-22T14:57:55Z
WHH1836,MUX4127,F,PCR-Free,2016-08-22T14:57:55Z
WHH1837,MUX4127,F,PCR-Free,2016-08-22T14:57:55Z
WHH1838,MUX4127,F,PCR-Free,2016-08-22T14:57:55Z
WHH1839,MUX4127,M,PCR-Free,2016-08-22T14:57:55Z
WHH1840,MUX4127,F,PCR-Free,2016-08-22T14:57:55Z
WHH1841,MUX4127,F,PCR-Free,2016-08-22T14:57:55Z
WHH1842,MUX4127,F,PCR-Free,2016-08-22T14:57:55Z
WHH1843,MUX4127,F,PCR-Free,2016-08-22T14:57:55Z
WHH1844,MUX4127,M,PCR-Free,2016-08-22T14:57:55Z
WHH1845,MUX4127,F,PCR-Free,2016-08-22T14:57:55Z
WHH1846,MUX4127,F,PCR-Free,2016-08-22T14:57:55Z
WHH1847,MUX4127,F,PCR-Free,2016-08-22T14:57:55Z
WHH1848,MUX4127,F,Nano,2016-08-22T14:57:55Z
WHH1849,MUX4127,F,PCR-Free,2016-08-22T14:57:55Z
WHH1850,MUX4127,M,PCR-Free,2016-08-22T14:57:55Z
WHH1851,MUX4127,M,PCR-Free,2016-08-22T14:57:55Z
WHH1852,MUX4127,F,PCR-Free,2016-08-22T14:57:55Z
WHH1853,MUX4127,F,PCR-Free,2016-08-22T14:57:55Z
WHH1854,MUX4127,M,PCR-Free,2016-08-22T14:57:55Z
WHH1855,MUX4127,M,PCR-Free,2016-08-22T14:57:56Z
WHH1856,MUX4127,M,PCR-Free,2016-08-22T14:57:56Z
WHH1857,MUX4127,M,PCR-Free,2016-08-22T14:57:56Z
WHH1858,MUX4127,F,PCR-Free,2016-08-22T14:57:56Z
WHH1859,MUX4127,F,Nano,2016-08-22T14:57:56Z
WHH1860,MUX4127,F,PCR-Free,2016-08-22T14:57:56Z
WHH1861,MUX4127,M,PCR-Free,2016-08-22T14:57:56Z
WHH1862,MUX4127,M,PCR-Free,2016-08-22T14:57:56Z
WHH1863,MUX4127,F,PCR-Free,2016-08-22T14:57:56Z
WHH1864,MUX4127,M,Nano,2016-08-22T14:57:56Z
WHH1865,MUX4127,M,PCR-Free,2016-08-22T14:57:56Z
WHH1866,MUX4127,M,PCR-Free,2016-08-22T14:57:56Z
WHH1867,MUX4127,M,PCR-Free,2016-08-22T14:57:56Z
WHH1868,MUX4127,F,PCR-Free,2016-08-22T14:57:56Z
WHH1869,MUX4127,M,PCR-Free,2016-08-22T14:57:56Z
WHH1870,MUX4127,F,PCR-Free,2016-08-22T14:57:56Z
WHH1871,MUX4127,M,PCR-Free,2016-08-22T14:57:57Z
WHH1872,MUX4127,F,PCR-Free,2016-08-22T14:57:57Z
WHH1873,MUX4127,M,Nano,2016-08-22T14:57:57Z
WHH1874,MUX4127,M,PCR-Free,2016-08-22T14:57:57Z
WHH1875,MUX4127,F,PCR-Free,2016-08-22T14:57:57Z
WHH1876,MUX4127,M,PCR-Free,2016-08-22T14:57:57Z
WHH1877,MUX4127,F,PCR-Free,2016-08-22T14:57:57Z
WHH1878,MUX4127,M,PCR-Free,2016-08-22T14:57:57Z
WHH1879,MUX4127,M,PCR-Free,2016-08-22T14:57:57Z
WHH1880,MUX4127,F,PCR-Free,2016-08-22T14:57:57Z
WHH1881,MUX4127,F,PCR-Free,2016-08-22T14:57:57Z
WHH1882,MUX4127,M,PCR-Free,2016-08-22T14:57:57Z
WHH1883,MUX4127,M,PCR-Free,2016-08-22T14:57:57Z
WHH1884,MUX4127,F,PCR-Free,2016-08-22T14:57:58Z
WHH1885,MUX4127,F,PCR-Free,2016-08-22T14:57:58Z
WHH1886,MUX4127,M,Nano,2016-08-22T14:57:58Z
WHH1887,MUX4127,F,PCR-Free,2016-08-22T14:57:58Z
WHH1888,MUX4127,M,PCR-Free,2016-08-22T14:57:58Z
WHH1889,MUX4127,M,PCR-Free,2016-08-22T14:57:58Z
WHH1890,MUX4127,F,PCR-Free,2016-08-22T14:57:58Z
WHH1891,MUX4127,F,PCR-Free,2016-08-22T14:57:58Z
WHH1892,MUX4127,M,PCR-Free,2016-08-22T14:57:58Z
WHH1893,MUX4127,F,PCR-Free,2016-08-22T14:57:58Z
WHH1894,MUX4127,M,PCR-Free,2016-08-22T14:57:58Z
WHH1895,MUX4127,F,PCR-Free,2016-08-22T14:57:58Z
WHH1896,MUX4127,F,PCR-Free,2016-08-22T14:57:58Z
WHH1897,MUX4127,M,PCR-Free,2016-08-22T14:57:58Z
WHH1898,MUX4127,M,PCR-Free,2016-08-22T14:57:58Z
WHH1899,MUX4127,M,PCR-Free,2016-08-22T14:57:58Z
WHH1900,MUX4127,M,PCR-Free,2016-08-22T14:57:58Z
WHH1901,MUX4127,F,PCR-Free,2016-08-22T14:57:58Z
WHH1902,MUX4127,M,PCR-Free,2016-08-22T14:57:58Z
WHH1903,MUX4127,M,PCR-Free,2016-08-22T14:57:59Z
WHH1904,MUX4127,M,PCR-Free,2016-08-22T14:57:59Z
WHH1905,MUX4127,F,Nano,2016-08-22T14:57:59Z
WHH1906,MUX4127,M,PCR-Free,2016-08-22T14:57:59Z
WHH1907,MUX4127,F,Nano,2016-08-22T14:57:59Z
WHH1908,MUX4127,F,Nano,2016-08-22T14:57:59Z
WHH1909,MUX4127,M,PCR-Free,2016-08-22T14:57:59Z
WHH1910,MUX4127,F,PCR-Free,2016-08-22T14:57:59Z
WHH1911,MUX4127,M,PCR-Free,2016-08-22T14:57:59Z
WHH1912,MUX4127,F,PCR-Free,2016-08-22T14:58:00Z
WHH1913,MUX4127,F,PCR-Free,2016-08-22T14:58:00Z
WHH1914,MUX4127,M,PCR-Free,2016-08-22T14:58:00Z
WHH1915,MUX4127,F,PCR-Free,2016-08-22T14:58:00Z
WHH1916,MUX4127,M,PCR-Free,2016-08-22T14:58:00Z
WHH1917,MUX4127,M,PCR-Free,2016-08-22T14:58:00Z
WHH1918,MUX4127,M,PCR-Free,2016-08-22T14:58:00Z
WHH1919,MUX4127,F,PCR-Free,2016-08-22T14:58:00Z
WHH1920,MUX4127,F,PCR-Free,2016-08-22T14:58:00Z
WHH1921,MUX4127,F,PCR-Free,2016-08-22T14:58:00Z
WHH1922,MUX4127,M,PCR-Free,2016-08-22T14:58:00Z
WHH1923,MUX4127,M,PCR-Free,2016-08-22T14:58:00Z
WHH1924,MUX4127,M,PCR-Free,2016-08-22T14:58:00Z
WHH1925,MUX4127,F,PCR-Free,2016-08-22T14:58:00Z
WHH1926,MUX4127,F,Nano,2016-08-22T14:58:00Z
WHH1927,MUX4127,F,PCR-Free,2016-08-22T14:58:00Z
WHH2120,MUX4150,M,Nano,2016-08-31T11:08:50Z
WHH2121,MUX4150,M,PCR-Free,2016-08-31T11:08:50Z
WHH2122,MUX4150,M,PCR-Free,2016-08-31T11:08:50Z
WHH2123,MUX4150,F,PCR-Free,2016-08-31T11:08:50Z
WHH2124,MUX4150,M,Nano,2016-08-31T11:08:50Z
WHH2125,MUX4150,F,PCR-Free,2016-08-31T11:08:50Z
WHH2126,MUX4150,F,PCR-Free,2016-08-31T11:08:50Z
WHH2127,MUX4150,F,PCR-Free,2016-08-31T11:08:50Z
WHH2128,MUX4150,F,PCR-Free,2016-08-31T11:08:50Z
WHH2129,MUX4150,M,PCR-Free,2016-08-31T11:08:50Z
WHH2130,MUX4150,F,PCR-Free,2016-08-31T11:08:50Z
WHH2131,MUX4150,M,PCR-Free,2016-08-31T11:08:50Z
WHH2132,MUX4150,F,PCR-Free,2016-08-31T11:08:50Z
WHH2133,MUX4150,M,PCR-Free,2016-08-31T11:08:50Z
WHH2134,MUX4150,M,PCR-Free,2016-08-31T11:08:50Z
WHH2135,MUX4150,M,Nano,2016-08-31T11:08:51Z
WHH2136,MUX4150,M,PCR-Free,2016-08-31T11:08:51Z
WHH2137,MUX4150,M,PCR-Free,2016-08-31T11:08:51Z
WHH2138,MUX4150,F,PCR-Free,2016-08-31T11:08:51Z
WHH2139,MUX4150,M,PCR-Free,2016-08-31T11:08:51Z
WHH2140,MUX4150,F,PCR-Free,2016-08-31T11:08:51Z
WHH2141,MUX4150,M,PCR-Free,2016-08-31T11:08:51Z
WHH2142,MUX4150,M,PCR-Free,2016-08-31T11:08:51Z
WHH2143,MUX4150,F,PCR-Free,2016-08-31T11:08:51Z
WHH2144,MUX4150,M,PCR-Free,2016-08-31T11:08:51Z
WHH2145,MUX4150,F,Nano,2016-08-31T11:08:51Z
WHH2146,MUX4150,M,PCR-Free,2016-08-31T11:08:51Z
WHH2147,MUX4150,F,PCR-Free,2016-08-31T11:08:51Z
WHH2148,MUX4150,M,PCR-Free,2016-08-31T11:08:51Z
WHH2149,MUX4150,M,PCR-Free,2016-08-31T11:08:51Z
WHH2150,MUX4150,M,PCR-Free,2016-08-31T11:08:51Z
WHH2151,MUX4150,F,PCR-Free,2016-08-31T11:08:51Z
WHH2152,MUX4150,F,Nano,2016-08-31T11:08:51Z
WHH2153,MUX4150,M,Nano,2016-08-31T11:08:51Z
WHH2154,MUX4150,F,PCR-Free,2016-08-31T11:08:51Z
WHH2155,MUX4150,M,PCR-Free,2016-08-31T11:08:51Z
WHH2156,MUX4150,M,Nano,2016-08-31T11:08:51Z
WHH2157,MUX4150,M,PCR-Free,2016-08-31T11:08:51Z
WHH2158,MUX4150,M,PCR-Free,2016-08-31T11:08:51Z
WHH2159,MUX4150,F,PCR-Free,2016-08-31T11:08:51Z
WHH2160,MUX4150,F,PCR-Free,2016-08-31T11:08:51Z
WHH2161,MUX4150,F,Nano,2016-08-31T11:08:51Z
WHH2162,MUX4150,F,Nano,2016-08-31T11:08:51Z
WHH2163,MUX4150,F,PCR-Free,2016-08-31T11:08:51Z
WHH2164,MUX4150,M,PCR-Free,2016-08-31T11:08:51Z
WHH2165,MUX4150,M,PCR-Free,2016-08-31T11:08:51Z
WHH2166,MUX4150,F,PCR-Free,2016-08-31T11:08:51Z
WHH2167,MUX4150,F,PCR-Free,2016-08-31T11:08:51Z
WHH2168,MUX4150,F,PCR-Free,2016-08-31T11:08:52Z
WHH2169,MUX4150,F,PCR-Free,2016-08-31T11:08:52Z
WHH2170,MUX4150,F,PCR-Free,2016-08-31T11:08:52Z
WHH2171,MUX4150,F,Nano,2016-08-31T11:08:52Z
WHH2172,MUX4150,F,Nano,2016-08-31T11:08:52Z
WHH2173,MUX4150,F,Nano,2016-08-31T11:08:52Z
WHH2174,MUX4150,F,PCR-Free,2016-08-31T11:08:52Z
WHH2175,MUX4150,M,PCR-Free,2016-08-31T11:08:52Z
WHH2176,MUX4150,M,PCR-Free,2016-08-31T11:08:52Z
WHH2177,MUX4150,M,PCR-Free,2016-08-31T11:08:52Z
WHH2178,MUX4150,M,PCR-Free,2016-08-31T11:08:52Z
WHH2179,MUX4150,M,PCR-Free,2016-08-31T11:08:52Z
WHH2180,MUX4150,F,PCR-Free,2016-08-31T11:08:52Z
WHH2181,MUX4150,M,PCR-Free,2016-08-31T11:08:52Z
WHH2182,MUX4150,F,PCR-Free,2016-08-31T11:08:52Z
WHH2183,MUX4150,F,PCR-Free,2016-08-31T11:08:52Z
WHH2184,MUX4150,M,PCR-Free,2016-08-31T11:08:52Z
WHH2185,MUX4150,M,PCR-Free,2016-08-31T11:08:52Z
WHH2186,MUX4150,F,PCR-Free,2016-08-31T11:08:52Z
WHH2187,MUX4150,F,PCR-Free,2016-08-31T11:08:52Z
WHH2188,MUX4150,M,PCR-Free,2016-08-31T11:08:52Z
WHH2189,MUX4150,F,PCR-Free,2016-08-31T11:08:52Z
WHH2190,MUX4150,M,PCR-Free,2016-08-31T11:08:52Z
WHH2191,MUX4150,F,PCR-Free,2016-08-31T11:08:52Z
WHH2192,MUX4150,M,PCR-Free,2016-08-31T11:08:52Z
WHH2193,MUX4150,M,PCR-Free,2016-08-31T11:08:52Z
WHH2194,MUX4150,M,PCR-Free,2016-08-31T11:08:52Z
WHH2195,MUX4150,M,PCR-Free,2016-08-31T11:08:52Z
WHH2196,MUX4150,F,PCR-Free,2016-08-31T11:08:52Z
WHH2197,MUX4150,F,PCR-Free,2016-08-31T11:08:52Z
WHH2198,MUX4150,F,PCR-Free,2016-08-31T11:08:52Z
WHH2199,MUX4150,F,PCR-Free,2016-08-31T11:08:53Z
WHH2200,MUX4150,F,PCR-Free,2016-08-31T11:08:53Z
WHH2201,MUX4150,F,PCR-Free,2016-08-31T11:08:53Z
WHH2202,MUX4150,M,PCR-Free,2016-08-31T11:08:53Z
WHH2203,MUX4150,F,PCR-Free,2016-08-31T11:08:53Z
WHH2204,MUX4150,M,PCR-Free,2016-08-31T11:08:53Z
WHH2205,MUX4150,F,Nano,2016-08-31T11:08:53Z
WHH2206,MUX4150,M,PCR-Free,2016-08-31T11:08:53Z
WHH2207,MUX4150,F,PCR-Free,2016-08-31T11:08:53Z
WHH2208,MUX4150,M,PCR-Free,2016-08-31T11:08:53Z
WHH2209,MUX4150,F,PCR-Free,2016-08-31T11:08:53Z
WHH2210,MUX4150,F,PCR-Free,2016-08-31T11:08:53Z
WHH2211,MUX4150,F,PCR-Free,2016-08-31T11:08:53Z
WHH2212,MUX4150,F,PCR-Free,2016-08-31T11:08:54Z
WHH2213,MUX4150,F,PCR-Free,2016-08-31T11:08:54Z
WHH2214,MUX4150,M,PCR-Free,2016-08-31T11:08:54Z
WHH2215,MUX4150,M,PCR-Free,2016-08-31T11:08:54Z
WHH429,MUX3275,F,PCR-Free,2016-01-25T14:28:41Z
WHH430,MUX3275,F,PCR-Free,2016-01-25T14:28:42Z
WHH431,MUX3275,M,PCR-Free,2016-01-25T14:28:42Z
WHH432,MUX3275,F,PCR-Free,2016-01-25T14:28:42Z
WHH433,MUX3275,F,PCR-Free,2016-01-25T14:28:42Z
WHH434,MUX3275,F,PCR-Free,2016-01-25T14:28:42Z
WHH435,MUX3275,M,PCR-Free,2016-01-25T14:28:42Z
WHH436,MUX3275,F,PCR-Free,2016-01-25T14:28:42Z
WHH437,MUX3275,F,PCR-Free,2016-01-25T14:28:42Z
WHH438,MUX3275,M,PCR-Free,2016-01-25T14:28:42Z
WHH439,MUX3275,F,PCR-Free,2016-01-25T14:28:42Z
WHH440,MUX3275,M,PCR-Free,2016-01-25T14:28:42Z
WHH441,MUX3275,F,PCR-Free,2016-01-25T14:28:42Z
WHH442,MUX3275,F,PCR-Free,2016-01-25T14:28:42Z
WHH443,MUX3275,F,PCR-Free,2016-01-25T14:28:42Z
WHH444,MUX3275,F,PCR-Free,2016-01-25T14:28:42Z
WHH445,MUX3275,F,PCR-Free,2016-01-25T14:28:42Z
WHH446,MUX3275,M,PCR-Free,2016-01-25T14:28:42Z
WHH447,MUX3275,F,PCR-Free,2016-01-25T14:28:42Z
WHH448,MUX3275,F,PCR-Free,2016-01-25T14:28:42Z
WHH449,MUX3275,F,PCR-Free,2016-01-25T14:28:42Z
WHH450,MUX3275,M,PCR-Free,2016-01-25T14:28:42Z
WHH451,MUX3275,M,PCR-Free,2016-01-25T14:28:42Z
WHH452,MUX3275,F,PCR-Free,2016-01-25T14:28:42Z
WHH453,MUX3275,M,PCR-Free,2016-01-25T14:28:42Z
WHH454,MUX3275,F,PCR-Free,2016-01-25T14:28:42Z
WHH455,MUX3275,M,PCR-Free,2016-01-25T14:28:42Z
WHH456,MUX3275,M,PCR-Free,2016-01-25T14:28:43Z
WHH457,MUX3275,F,PCR-Free,2016-01-25T14:28:43Z
WHH458,MUX3275,M,PCR-Free,2016-01-25T14:28:43Z
WHH459,MUX3275,F,PCR-Free,2016-01-25T14:28:43Z
WHH460,MUX3275,F,PCR-Free,2016-01-25T14:28:43Z
WHH461,MUX3275,F,PCR-Free,2016-01-25T14:28:43Z
WHH462,MUX3275,M,PCR-Free,2016-01-25T14:28:43Z
WHH463,MUX3275,M,PCR-Free,2016-01-25T14:28:43Z
WHH464,MUX3275,F,PCR-Free,2016-01-25T14:28:43Z
WHH465,MUX3275,M,PCR-Free,2016-01-25T14:28:43Z
WHH466,MUX3275,F,PCR-Free,2016-01-25T14:28:43Z
WHH467,MUX3275,F,PCR-Free,2016-01-25T14:28:43Z
WHH468,MUX3275,F,PCR-Free,2016-01-25T14:28:43Z
WHH469,MUX3275,M,PCR-Free,2016-01-25T14:28:43Z
WHH470,MUX3275,M,PCR-Free,2016-01-25T14:28:43Z
WHH471,MUX3275,F,PCR-Free,2016-01-25T14:28:43Z
WHH472,MUX3275,M,PCR-Free,2016-01-25T14:28:43Z
WHH473,MUX3275,F,PCR-Free,2016-01-25T14:28:43Z
WHH474,MUX3275,M,PCR-Free,2016-01-25T14:28:43Z
WHH475,MUX3275,M,PCR-Free,2016-01-25T14:28:43Z
WHH476,MUX3275,F,PCR-Free,2016-01-25T14:28:43Z
WHH477,MUX3275,M,PCR-Free,2016-01-25T14:28:43Z
WHH478,MUX3275,M,PCR-Free,2016-01-25T14:28:43Z
WHH479,MUX3275,M,PCR-Free,2016-01-25T14:28:43Z
WHH480,MUX3275,F,PCR-Free,2016-01-25T14:28:43Z
WHH481,MUX3275,F,Nano,2016-01-25T14:28:43Z
WHH482,MUX3275,M,Nano,2016-01-25T14:28:44Z
WHH483,MUX3275,F,Nano,2016-01-25T14:28:44Z
WHH484,MUX3275,F,PCR-Free,2016-01-25T14:28:44Z
WHH485,MUX3275,M,PCR-Free,2016-01-25T14:28:44Z
WHH486,MUX3275,F,PCR-Free,2016-01-25T14:28:44Z
WHH487,MUX3275,F,PCR-Free,2016-01-25T14:28:44Z
WHH488,MUX3275,F,PCR-Free,2016-01-25T14:28:44Z
WHH489,MUX3275,M,Nano,2016-01-25T14:28:44Z
WHH490,MUX3275,F,PCR-Free,2016-01-25T14:28:44Z
WHH491,MUX3275,M,PCR-Free,2016-01-25T14:28:44Z
WHH492,MUX3275,F,PCR-Free,2016-01-25T14:28:44Z
WHH493,MUX3275,M,Nano,2016-01-25T14:28:44Z
WHH494,MUX3275,M,PCR-Free,2016-01-25T14:28:44Z
WHH495,MUX3275,M,PCR-Free,2016-01-25T14:28:44Z
WHH496,MUX3275,F,PCR-Free,2016-01-25T14:28:44Z
WHH497,MUX3275,M,PCR-Free,2016-01-25T14:28:44Z
WHH498,MUX3275,M,PCR-Free,2016-01-25T14:28:44Z
WHH499,MUX3275,F,PCR-Free,2016-01-25T14:28:44Z
WHH500,MUX3275,F,PCR-Free,2016-01-25T14:28:44Z
WHH501,MUX3275,F,Nano,2016-01-25T14:28:44Z
WHH502,MUX3275,M,PCR-Free,2016-01-25T14:28:44Z
WHH503,MUX3275,M,PCR-Free,2016-01-25T14:28:44Z
WHH504,MUX3275,F,PCR-Free,2016-01-25T14:28:44Z
WHH505,MUX3275,M,PCR-Free,2016-01-25T14:28:44Z
WHH506,MUX3275,F,PCR-Free,2016-01-25T14:28:44Z
WHH507,MUX3275,F,PCR-Free,2016-01-25T14:28:45Z
WHH508,MUX3275,M,PCR-Free,2016-01-25T14:28:45Z
WHH509,MUX3275,F,PCR-Free,2016-01-25T14:28:45Z
WHH510,MUX3275,F,PCR-Free,2016-01-25T14:28:45Z
WHH511,MUX3275,M,PCR-Free,2016-01-25T14:28:45Z
WHH512,MUX3275,F,PCR-Free,2016-01-25T14:28:45Z
WHH513,MUX3275,F,PCR-Free,2016-01-25T14:28:45Z
WHH514,MUX3275,F,PCR-Free,2016-01-25T14:28:45Z
WHH515,MUX3275,M,PCR-Free,2016-01-25T14:28:45Z
WHH516,MUX3275,F,PCR-Free,2016-01-25T14:28:45Z
WHH517,MUX3275,M,PCR-Free,2016-01-25T14:28:45Z
WHH518,MUX3275,F,PCR-Free,2016-01-25T14:28:45Z
WHH519,MUX3275,F,PCR-Free,2016-01-25T14:28:45Z
WHH520,MUX3275,F,PCR-Free,2016-01-25T14:28:45Z
WHH521,MUX3275,F,PCR-Free,2016-01-25T14:28:45Z
WHH522,MUX3275,M,PCR-Free,2016-01-25T14:28:45Z
WHH523,MUX3275,M,PCR-Free,2016-01-25T14:28:45Z
WHH524,MUX3275,F,PCR-Free,2016-01-25T14:28:45Z
WHH525,MUX3316,F,PCR-Free,2016-02-01T14:38:23Z
WHH526,MUX3316,M,Nano,2016-02-01T14:38:23Z
WHH527,MUX3316,M,PCR-Free,2016-02-01T14:38:23Z
WHH528,MUX3316,M,PCR-Free,2016-02-01T14:38:23Z
WHH529,MUX3316,M,Nano,2016-02-01T14:38:23Z
WHH530,MUX3316,F,PCR-Free,2016-02-01T14:38:23Z
WHH531,MUX3316,M,PCR-Free,2016-02-01T14:38:23Z
WHH532,MUX3316,F,PCR-Free,2016-02-01T14:38:23Z
WHH533,MUX3316,F,PCR-Free,2016-02-01T14:38:23Z
WHH534,MUX3316,M,Nano,2016-02-01T14:38:23Z
WHH535,MUX3316,F,PCR-Free,2016-02-01T14:38:23Z
WHH536,MUX3316,F,PCR-Free,2016-02-01T14:38:23Z
WHH537,MUX3316,F,PCR-Free,2016-02-01T14:38:23Z
WHH538,MUX3316,M,PCR-Free,2016-02-01T14:38:23Z
WHH539,MUX3316,F,Nano,2016-02-01T14:38:23Z
WHH540,MUX3316,M,PCR-Free,2016-02-01T14:38:23Z
WHH541,MUX3316,F,PCR-Free,2016-02-01T14:38:23Z
WHH542,MUX3316,F,PCR-Free,2016-02-01T14:38:23Z
WHH543,MUX3316,M,Nano,2016-02-01T14:38:23Z
WHH544,MUX3316,F,PCR-Free,2016-02-01T14:38:24Z
WHH545,MUX3316,M,PCR-Free,2016-02-01T14:38:24Z
WHH546,MUX3316,M,PCR-Free,2016-02-01T14:38:24Z
WHH547,MUX3316,F,PCR-Free,2016-02-01T14:38:24Z
WHH548,MUX3316,M,PCR-Free,2016-02-01T14:38:24Z
WHH549,MUX3316,F,PCR-Free,2016-02-01T14:38:24Z
WHH550,MUX3316,F,PCR-Free,2016-02-01T14:38:24Z
WHH551,MUX3316,F,Nano,2016-02-01T14:38:24Z
WHH552,MUX3316,F,PCR-Free,2016-02-01T14:38:24Z
WHH553,MUX3316,F,PCR-Free,2016-02-01T14:38:24Z
WHH554,MUX3316,M,PCR-Free,2016-02-01T14:38:24Z
WHH555,MUX3316,M,PCR-Free,2016-02-01T14:38:24Z
WHH556,MUX3316,F,PCR-Free,2016-02-01T14:38:24Z
WHH557,MUX3316,F,PCR-Free,2016-02-01T14:38:24Z
WHH558,MUX3316,F,PCR-Free,2016-02-01T14:38:24Z
WHH559,MUX3316,M,PCR-Free,2016-02-01T14:38:24Z
WHH560,MUX3316,F,PCR-Free,2016-02-01T14:38:24Z
WHH561,MUX3316,M,PCR-Free,2016-02-01T14:38:24Z
WHH562,MUX3316,M,PCR-Free,2016-02-01T14:38:24Z
WHH563,MUX3316,F,PCR-Free,2016-02-01T14:38:24Z
WHH564,MUX3316,F,PCR-Free,2016-02-01T14:38:24Z
WHH565,MUX3316,M,Nano,2016-02-01T14:38:24Z
WHH566,MUX3316,F,PCR-Free,2016-02-01T14:38:24Z
WHH567,MUX3316,M,PCR-Free,2016-02-01T14:38:24Z
WHH568,MUX3316,M,PCR-Free,2016-02-01T14:38:24Z
WHH569,MUX3316,M,PCR-Free,2016-02-01T14:38:24Z
WHH570,MUX3316,M,PCR-Free,2016-02-01T14:38:24Z
WHH571,MUX3316,F,PCR-Free,2016-02-01T14:38:24Z
WHH572,MUX3316,M,Nano,2016-02-01T14:38:24Z
WHH573,MUX3316,F,PCR-Free,2016-02-01T14:38:25Z
WHH574,MUX3316,F,Nano,2016-02-01T14:38:25Z
WHH575,MUX3316,M,PCR-Free,2016-02-01T14:38:25Z
WHH576,MUX3316,F,PCR-Free,2016-02-01T14:38:25Z
WHH577,MUX3316,F,PCR-Free,2016-02-01T14:38:25Z
WHH578,MUX3316,M,PCR-Free,2016-02-01T14:38:25Z
WHH579,MUX3316,M,PCR-Free,2016-02-01T14:38:25Z
WHH580,MUX3316,M,PCR-Free,2016-02-01T14:38:25Z
WHH581,MUX3316,M,PCR-Free,2016-02-01T14:38:25Z
WHH582,MUX3316,F,PCR-Free,2016-02-01T14:38:25Z
WHH583,MUX3316,M,PCR-Free,2016-02-01T14:38:25Z
WHH584,MUX3316,F,PCR-Free,2016-02-01T14:38:25Z
WHH585,MUX3316,F,PCR-Free,2016-02-01T14:38:25Z
WHH586,MUX3316,M,PCR-Free,2016-02-01T14:38:25Z
WHH587,MUX3316,F,PCR-Free,2016-02-01T14:38:25Z
WHH588,MUX3316,F,PCR-Free,2016-02-01T14:38:25Z
WHH589,MUX3316,M,PCR-Free,2016-02-01T14:38:25Z
WHH590,MUX3316,F,PCR-Free,2016-02-01T14:38:25Z
WHH591,MUX3316,M,PCR-Free,2016-02-01T14:38:25Z
WHH592,MUX3316,F,PCR-Free,2016-02-01T14:38:25Z
WHH593,MUX3316,F,PCR-Free,2016-02-01T14:38:25Z
WHH594,MUX3316,F,Nano,2016-02-01T14:38:25Z
WHH595,MUX3316,M,PCR-Free,2016-02-01T14:38:25Z
WHH596,MUX3316,M,PCR-Free,2016-02-01T14:38:25Z
WHH597,MUX3316,F,PCR-Free,2016-02-01T14:38:25Z
WHH598,MUX3316,M,PCR-Free,2016-02-01T14:38:25Z
WHH599,MUX3316,F,PCR-Free,2016-02-01T14:38:25Z
WHH600,MUX3316,M,PCR-Free,2016-02-01T14:38:25Z
WHH601,MUX3316,M,PCR-Free,2016-02-01T14:38:25Z
WHH602,MUX3316,F,PCR-Free,2016-02-01T14:38:25Z
WHH603,MUX3316,F,PCR-Free,2016-02-01T14:38:25Z
WHH604,MUX3316,F,PCR-Free,2016-02-01T14:38:25Z
WHH605,MUX3316,M,Nano,2016-02-01T14:38:25Z
WHH606,MUX3316,M,PCR-Free,2016-02-01T14:38:26Z
WHH607,MUX3316,F,PCR-Free,2016-02-01T14:38:26Z
WHH608,MUX3316,F,Nano,2016-02-01T14:38:26Z
WHH609,MUX3316,F,PCR-Free,2016-02-01T14:38:26Z
WHH610,MUX3316,M,PCR-Free,2016-02-01T14:38:26Z
WHH611,MUX3316,F,PCR-Free,2016-02-01T14:38:26Z
WHH612,MUX3316,F,PCR-Free,2016-02-01T14:38:26Z
WHH613,MUX3316,M,PCR-Free,2016-02-01T14:38:26Z
WHH614,MUX3316,M,PCR-Free,2016-02-01T14:38:26Z
WHH615,MUX3316,F,PCR-Free,2016-02-01T14:38:26Z
WHH616,MUX3316,F,PCR-Free,2016-02-01T14:38:26Z
WHH617,MUX3316,F,PCR-Free,2016-02-01T14:38:26Z
WHH618,MUX3316,F,PCR-Free,2016-02-01T14:38:26Z
WHH619,MUX3316,F,PCR-Free,2016-02-01T14:38:26Z
WHH620,MUX3316,F,PCR-Free,2016-02-01T14:38:26Z
WHH622,MUX3359,M,PCR-Free,2016-02-15T15:00:06Z
WHH623,MUX3359,F,PCR-Free,2016-02-15T15:00:06Z
WHH624,MUX3359,F,PCR-Free,2016-02-15T15:00:06Z
WHH625,MUX3359,F,PCR-Free,2016-02-15T15:00:06Z
WHH626,MUX3359,M,PCR-Free,2016-02-15T15:00:06Z
WHH627,MUX3359,M,PCR-Free,2016-02-15T15:00:06Z
WHH628,MUX3359,M,PCR-Free,2016-02-15T15:00:06Z
WHH629,MUX3359,F,PCR-Free,2016-02-15T15:00:06Z
WHH630,MUX3359,M,PCR-Free,2016-02-15T15:00:06Z
WHH631,MUX3359,F,Nano,2016-02-15T15:00:06Z
WHH632,MUX3359,M,PCR-Free,2016-02-15T15:00:06Z
WHH633,MUX3359,M,Nano,2016-02-15T15:00:06Z
WHH634,MUX3359,F,PCR-Free,2016-02-15T15:00:06Z
WHH635,MUX3359,F,PCR-Free,2016-02-15T15:00:06Z
WHH636,MUX3359,M,PCR-Free,2016-02-15T15:00:06Z
WHH637,MUX3359,F,PCR-Free,2016-02-15T15:00:06Z
WHH638,MUX3359,M,PCR-Free,2016-02-15T15:00:07Z
WHH639,MUX3359,M,PCR-Free,2016-02-15T15:00:07Z
WHH640,MUX3359,F,PCR-Free,2016-02-15T15:00:07Z
WHH641,MUX3359,F,PCR-Free,2016-02-15T15:00:07Z
WHH642,MUX3359,F,PCR-Free,2016-02-15T15:00:07Z
WHH643,MUX3359,F,Nano,2016-02-15T15:00:07Z
WHH644,MUX3359,F,PCR-Free,2016-02-15T15:00:07Z
WHH645,MUX3359,M,PCR-Free,2016-02-15T15:00:07Z
WHH646,MUX3359,M,PCR-Free,2016-02-15T15:00:07Z
WHH647,MUX3359,M,PCR-Free,2016-02-15T15:00:07Z
WHH648,MUX3359,F,Nano,2016-02-15T15:00:07Z
WHH649,MUX3359,F,PCR-Free,2016-02-15T15:00:07Z
WHH650,MUX3359,M,PCR-Free,2016-02-15T15:00:07Z
WHH651,MUX3359,M,PCR-Free,2016-02-15T15:00:07Z
WHH652,MUX3359,F,PCR-Free,2016-02-15T15:00:07Z
WHH653,MUX3359,F,PCR-Free,2016-02-15T15:00:07Z
WHH654,MUX3359,F,PCR-Free,2016-02-15T15:00:07Z
WHH655,MUX3359,M,PCR-Free,2016-02-15T15:00:07Z
WHH656,MUX3359,F,PCR-Free,2016-02-15T15:00:07Z
WHH657,MUX3359,M,PCR-Free,2016-02-15T15:00:07Z
WHH658,MUX3359,F,PCR-Free,2016-02-15T15:00:07Z
WHH659,MUX3359,M,Nano,2016-02-15T15:00:07Z
WHH660,MUX3359,M,PCR-Free,2016-02-15T15:00:07Z
WHH661,MUX3359,M,PCR-Free,2016-02-15T15:00:07Z
WHH662,MUX3359,M,PCR-Free,2016-02-15T15:00:07Z
WHH663,MUX3359,M,PCR-Free,2016-02-15T15:00:07Z
WHH664,MUX3359,F,Nano,2016-02-15T15:00:07Z
WHH665,MUX3359,M,Nano,2016-02-15T15:00:07Z
WHH666,MUX3359,F,PCR-Free,2016-02-15T15:00:07Z
WHH667,MUX3359,M,PCR-Free,2016-02-15T15:00:07Z
WHH668,MUX3359,M,PCR-Free,2016-02-15T15:00:07Z
WHH669,MUX3359,F,PCR-Free,2016-02-15T15:00:07Z
WHH670,MUX3359,M,PCR-Free,2016-02-15T15:00:07Z
WHH671,MUX3359,F,PCR-Free,2016-02-15T15:00:08Z
WHH672,MUX3359,F,PCR-Free,2016-02-15T15:00:08Z
WHH673,MUX3359,F,PCR-Free,2016-02-15T15:00:08Z
WHH674,MUX3359,M,PCR-Free,2016-02-15T15:00:08Z
WHH675,MUX3359,M,PCR-Free,2016-02-15T15:00:08Z
WHH676,MUX3359,F,PCR-Free,2016-02-15T15:00:08Z
WHH677,MUX3359,F,PCR-Free,2016-02-15T15:00:08Z
WHH678,MUX3359,M,Nano,2016-02-15T15:00:08Z
WHH679,MUX3359,F,PCR-Free,2016-02-15T15:00:08Z
WHH680,MUX3359,M,PCR-Free,2016-02-15T15:00:08Z
WHH681,MUX3359,M,PCR-Free,2016-02-15T15:00:08Z
WHH682,MUX3359,F,PCR-Free,2016-02-15T15:00:08Z
WHH683,MUX3359,F,PCR-Free,2016-02-15T15:00:08Z
WHH684,MUX3359,F,PCR-Free,2016-02-15T15:00:08Z
WHH685,MUX3359,F,PCR-Free,2016-02-15T15:00:08Z
WHH686,MUX3359,F,PCR-Free,2016-02-15T15:00:08Z
WHH687,MUX3359,M,PCR-Free,2016-02-15T15:00:08Z
WHH688,MUX3359,M,PCR-Free,2016-02-15T15:00:08Z
WHH689,MUX3359,F,PCR-Free,2016-02-15T15:00:08Z
WHH690,MUX3359,F,PCR-Free,2016-02-15T15:00:08Z
WHH691,MUX3359,M,PCR-Free,2016-02-15T15:00:08Z
WHH692,MUX3359,M,PCR-Free,2016-02-15T15:00:08Z
WHH693,MUX3359,M,PCR-Free,2016-02-15T15:00:08Z
WHH694,MUX3359,F,PCR-Free,2016-02-15T15:00:08Z
WHH695,MUX3359,F,PCR-Free,2016-02-15T15:00:08Z
WHH696,MUX3359,F,PCR-Free,2016-02-15T15:00:08Z
WHH697,MUX3359,F,Nano,2016-02-15T15:00:08Z
WHH698,MUX3359,M,PCR-Free,2016-02-15T15:00:08Z
WHH699,MUX3359,F,PCR-Free,2016-02-15T15:00:08Z
WHH700,MUX3359,F,PCR-Free,2016-02-15T15:00:08Z
WHH701,MUX3359,M,PCR-Free,2016-02-15T15:00:08Z
WHH702,MUX3359,M,PCR-Free,2016-02-15T15:00:08Z
WHH703,MUX3359,F,PCR-Free,2016-02-15T15:00:08Z
WHH704,MUX3359,F,PCR-Free,2016-02-15T15:00:08Z
WHH705,MUX3359,F,PCR-Free,2016-02-15T15:00:08Z
WHH706,MUX3359,F,PCR-Free,2016-02-15T15:00:09Z
WHH707,MUX3359,F,PCR-Free,2016-02-15T15:00:09Z
WHH708,MUX3359,M,PCR-Free,2016-02-15T15:00:09Z
WHH709,MUX3359,M,PCR-Free,2016-02-15T15:00:09Z
WHH710,MUX3359,F,PCR-Free,2016-02-15T15:00:09Z
WHH711,MUX3359,F,PCR-Free,2016-02-15T15:00:09Z
WHH712,MUX3359,M,PCR-Free,2016-02-15T15:00:09Z
WHH713,MUX3359,M,Nano,2016-02-15T15:00:09Z
WHH714,MUX3359,F,PCR-Free,2016-02-15T15:00:09Z
WHH715,MUX3359,M,PCR-Free,2016-02-15T15:00:09Z
WHH716,MUX3359,F,PCR-Free,2016-02-15T15:00:09Z
WHH717,MUX3359,M,PCR-Free,2016-02-15T15:00:09Z
WHH718,MUX3381,F,PCR-Free,2016-02-22T11:44:04Z
WHH719,MUX3381,F,PCR-Free,2016-02-22T11:44:04Z
WHH720,MUX3381,M,PCR-Free,2016-02-22T11:44:04Z
WHH721,MUX3381,M,PCR-Free,2016-02-22T11:44:04Z
WHH722,MUX3381,F,Nano,2016-02-22T11:44:04Z
WHH723,MUX3381,F,PCR-Free,2016-02-22T11:44:05Z
WHH724,MUX3381,M,PCR-Free,2016-02-22T11:44:05Z
WHH725,MUX3381,F,PCR-Free,2016-02-22T11:44:05Z
WHH726,MUX3381,M,PCR-Free,2016-02-22T11:44:05Z
WHH727,MUX3381,F,PCR-Free,2016-02-22T11:44:05Z
WHH728,MUX3381,M,PCR-Free,2016-02-22T11:44:05Z
WHH729,MUX3381,F,PCR-Free,2016-02-22T11:44:05Z
WHH730,MUX3381,F,PCR-Free,2016-02-22T11:44:05Z
WHH731,MUX3381,F,PCR-Free,2016-02-22T11:44:05Z
WHH732,MUX3381,F,PCR-Free,2016-02-22T11:44:05Z
WHH733,MUX3381,M,PCR-Free,2016-02-22T11:44:05Z
WHH734,MUX3381,M,PCR-Free,2016-02-22T11:44:05Z
WHH735,MUX3381,M,PCR-Free,2016-02-22T11:44:05Z
WHH736,MUX3381,F,PCR-Free,2016-02-22T11:44:05Z
WHH737,MUX3381,M,PCR-Free,2016-02-22T11:44:05Z
WHH738,MUX3381,F,PCR-Free,2016-02-22T11:44:05Z
WHH739,MUX3381,M,PCR-Free,2016-02-22T11:44:05Z
WHH740,MUX3381,F,PCR-Free,2016-02-22T11:44:05Z
WHH741,MUX3381,M,PCR-Free,2016-02-22T11:44:05Z
WHH742,MUX3381,F,PCR-Free,2016-02-22T11:44:05Z
WHH743,MUX3381,F,PCR-Free,2016-02-22T11:44:05Z
WHH744,MUX3381,M,PCR-Free,2016-02-22T11:44:05Z
WHH745,MUX3381,M,PCR-Free,2016-02-22T11:44:05Z
WHH746,MUX3381,M,PCR-Free,2016-02-22T11:44:05Z
WHH747,MUX3381,M,PCR-Free,2016-02-22T11:44:05Z
WHH748,MUX3381,F,PCR-Free,2016-02-22T11:44:05Z
WHH749,MUX3381,F,PCR-Free,2016-02-22T11:44:05Z
WHH750,MUX3381,M,PCR-Free,2016-02-22T11:44:05Z
WHH751,MUX3381,M,PCR-Free,2016-02-22T11:44:05Z
WHH752,MUX3381,M,PCR-Free,2016-02-22T11:44:05Z
WHH753,MUX3381,F,PCR-Free,2016-02-22T11:44:05Z
WHH754,MUX3381,M,PCR-Free,2016-02-22T11:44:05Z
WHH755,MUX3381,M,Nano,2016-02-22T11:44:05Z
WHH756,MUX3381,M,PCR-Free,2016-02-22T11:44:05Z
WHH757,MUX3381,F,PCR-Free,2016-02-22T11:44:05Z
WHH758,MUX3381,M,PCR-Free,2016-02-22T11:44:05Z
WHH759,MUX3381,F,PCR-Free,2016-02-22T11:44:05Z
WHH760,MUX3381,F,PCR-Free,2016-02-22T11:44:05Z
WHH761,MUX3381,M,PCR-Free,2016-02-22T11:44:05Z
WHH762,MUX3381,F,Nano,2016-02-22T11:44:05Z
WHH763,MUX3381,F,PCR-Free,2016-02-22T11:44:06Z
WHH764,MUX3381,F,PCR-Free,2016-02-22T11:44:06Z
WHH765,MUX3381,F,PCR-Free,2016-02-22T11:44:06Z
WHH766,MUX3381,F,PCR-Free,2016-02-22T11:44:06Z
WHH767,MUX3381,M,PCR-Free,2016-02-22T11:44:06Z
WHH768,MUX3381,F,PCR-Free,2016-02-22T11:44:06Z
WHH769,MUX3381,M,PCR-Free,2016-02-22T11:44:06Z
WHH770,MUX3381,M,PCR-Free,2016-02-22T11:44:06Z
WHH771,MUX3381,F,PCR-Free,2016-02-22T11:44:06Z
WHH772,MUX3381,M,PCR-Free,2016-02-22T11:44:06Z
WHH773,MUX3381,F,PCR-Free,2016-02-22T11:44:06Z
WHH774,MUX3381,M,PCR-Free,2016-02-22T11:44:06Z
WHH775,MUX3381,M,PCR-Free,2016-02-22T11:44:06Z
WHH776,MUX3381,F,PCR-Free,2016-02-22T11:44:06Z
WHH777,MUX3381,M,Nano,2016-02-22T11:44:06Z
WHH778,MUX3381,M,PCR-Free,2016-02-22T11:44:06Z
WHH779,MUX3381,M,PCR-Free,2016-02-22T11:44:06Z
WHH780,MUX3381,F,PCR-Free,2016-02-22T11:44:06Z
WHH781,MUX3381,M,PCR-Free,2016-02-22T11:44:06Z
WHH782,MUX3381,M,Nano,2016-02-22T11:44:06Z
WHH783,MUX3381,M,PCR-Free,2016-02-22T11:44:06Z
WHH784,MUX3381,F,PCR-Free,2016-02-22T11:44:06Z
WHH785,MUX3381,M,PCR-Free,2016-02-22T11:44:06Z
WHH786,MUX3381,M,PCR-Free,2016-02-22T11:44:06Z
WHH787,MUX3381,F,Nano,2016-02-22T11:44:06Z
WHH788,MUX3381,M,PCR-Free,2016-02-22T11:44:06Z
WHH789,MUX3381,F,PCR-Free,2016-02-22T11:44:06Z
WHH790,MUX3381,F,PCR-Free,2016-02-22T11:44:06Z
WHH791,MUX3381,F,PCR-Free,2016-02-22T11:44:06Z
WHH792,MUX3381,M,PCR-Free,2016-02-22T11:44:06Z
WHH793,MUX3381,F,PCR-Free,2016-02-22T11:44:06Z
WHH794,MUX3381,M,PCR-Free,2016-02-22T11:44:06Z
WHH795,MUX3381,F,PCR-Free,2016-02-22T11:44:06Z
WHH796,MUX3381,M,PCR-Free,2016-02-22T11:44:06Z
WHH797,MUX3381,M,PCR-Free,2016-02-22T11:44:06Z
WHH798,MUX3381,M,PCR-Free,2016-02-22T11:44:07Z
WHH799,MUX3381,M,PCR-Free,2016-02-22T11:44:07Z
WHH800,MUX3381,M,PCR-Free,2016-02-22T11:44:07Z
WHH801,MUX3381,F,PCR-Free,2016-02-22T11:44:07Z
WHH802,MUX3381,F,PCR-Free,2016-02-22T11:44:07Z
WHH803,MUX3381,F,PCR-Free,2016-02-22T11:44:07Z
WHH804,MUX3381,F,PCR-Free,2016-02-22T11:44:07Z
WHH805,MUX3381,M,PCR-Free,2016-02-22T11:44:07Z
WHH806,MUX3381,F,PCR-Free,2016-02-22T11:44:07Z
WHH807,MUX3381,M,PCR-Free,2016-02-22T11:44:07Z
WHH808,MUX3381,F,PCR-Free,2016-02-22T11:44:07Z
WHH809,MUX3381,F,PCR-Free,2016-02-22T11:44:07Z
WHH810,MUX3381,M,PCR-Free,2016-02-22T11:44:07Z
WHH811,MUX3381,M,PCR-Free,2016-02-22T11:44:07Z
WHH812,MUX3381,M,PCR-Free,2016-02-22T11:44:07Z
WHH813,MUX3381,M,PCR-Free,2016-02-22T11:44:07Z
WHH814,MUX3434,M,PCR-Free,2016-03-07T15:19:16Z
WHH815,MUX3434,F,PCR-Free,2016-03-07T15:19:17Z
WHH816,MUX3434,M,PCR-Free,2016-03-07T15:19:17Z
WHH817,MUX3434,M,PCR-Free,2016-03-07T15:19:17Z
WHH818,MUX3434,M,PCR-Free,2016-03-07T15:19:18Z
WHH819,MUX3434,F,PCR-Free,2016-03-07T15:19:18Z
WHH820,MUX3434,M,PCR-Free,2016-03-07T15:19:18Z
WHH821,MUX3434,F,PCR-Free,2016-03-07T15:19:18Z
WHH822,MUX3434,F,PCR-Free,2016-03-07T15:19:18Z
WHH823,MUX3434,F,PCR-Free,2016-03-07T15:19:18Z
WHH824,MUX3434,F,PCR-Free,2016-03-07T15:19:18Z
WHH825,MUX3434,F,PCR-Free,2016-03-07T15:19:18Z
WHH826,MUX3434,M,PCR-Free,2016-03-07T15:19:18Z
WHH827,MUX3434,F,PCR-Free,2016-03-07T15:19:18Z
WHH828,MUX3434,M,PCR-Free,2016-03-07T15:19:18Z
WHH829,MUX3434,F,PCR-Free,2016-03-07T15:19:18Z
WHH830,MUX3434,F,PCR-Free,2016-03-07T15:19:19Z
WHH831,MUX3434,M,PCR-Free,2016-03-07T15:19:19Z
WHH832,MUX3434,M,PCR-Free,2016-03-07T15:19:19Z
WHH833,MUX3434,M,Nano,2016-03-07T15:19:19Z
WHH834,MUX3434,M,PCR-Free,2016-03-07T15:19:19Z
WHH835,MUX3434,F,PCR-Free,2016-03-07T15:19:19Z
WHH836,MUX3434,F,PCR-Free,2016-03-07T15:19:19Z
WHH837,MUX3434,F,PCR-Free,2016-03-07T15:19:19Z
WHH838,MUX3434,F,PCR-Free,2016-03-07T15:19:20Z
WHH839,MUX3434,F,PCR-Free,2016-03-07T15:19:20Z
WHH840,MUX3434,F,PCR-Free,2016-03-07T15:19:20Z
WHH841,MUX3434,F,PCR-Free,2016-03-07T15:19:20Z
WHH842,MUX3434,M,PCR-Free,2016-03-07T15:19:20Z
WHH843,MUX3434,F,PCR-Free,2016-03-07T15:19:20Z
WHH844,MUX3434,F,PCR-Free,2016-03-07T15:19:20Z
WHH845,MUX3434,F,PCR-Free,2016-03-07T15:19:20Z
WHH846,MUX3434,F,PCR-Free,2016-03-07T15:19:20Z
WHH847,MUX3434,F,PCR-Free,2016-03-07T15:19:20Z
WHH848,MUX3434,M,PCR-Free,2016-03-07T15:19:20Z
WHH849,MUX3434,M,PCR-Free,2016-03-07T15:19:20Z
WHH850,MUX3434,F,PCR-Free,2016-03-07T15:19:20Z
WHH851,MUX3434,F,PCR-Free,2016-03-07T15:19:20Z
WHH852,MUX3434,F,PCR-Free,2016-03-07T15:19:20Z
WHH853,MUX3434,M,PCR-Free,2016-03-07T15:19:20Z
WHH854,MUX3434,F,PCR-Free,2016-03-07T15:19:20Z
WHH855,MUX3434,F,PCR-Free,2016-03-07T15:19:20Z
WHH856,MUX3434,M,PCR-Free,2016-03-07T15:19:20Z
WHH857,MUX3434,M,PCR-Free,2016-03-07T15:19:21Z
WHH858,MUX3434,F,PCR-Free,2016-03-07T15:19:21Z
WHH859,MUX3434,F,PCR-Free,2016-03-07T15:19:21Z
WHH860,MUX3434,M,PCR-Free,2016-03-07T15:19:21Z
WHH861,MUX3434,M,PCR-Free,2016-03-07T15:19:21Z
WHH862,MUX3434,M,PCR-Free,2016-03-07T15:19:21Z
WHH863,MUX3434,M,PCR-Free,2016-03-07T15:19:21Z
WHH864,MUX3434,F,PCR-Free,2016-03-07T15:19:21Z
WHH865,MUX3434,F,PCR-Free,2016-03-07T15:19:21Z
WHH866,MUX3434,M,PCR-Free,2016-03-07T15:19:21Z
WHH867,MUX3434,F,PCR-Free,2016-03-07T15:19:21Z
WHH868,MUX3434,F,PCR-Free,2016-03-07T15:19:21Z
WHH869,MUX3434,M,PCR-Free,2016-03-07T15:19:21Z
WHH870,MUX3434,M,PCR-Free,2016-03-07T15:19:21Z
WHH871,MUX3434,F,PCR-Free,2016-03-07T15:19:21Z
WHH872,MUX3434,M,PCR-Free,2016-03-07T15:19:22Z
WHH873,MUX3434,F,PCR-Free,2016-03-07T15:19:22Z
WHH874,MUX3434,M,PCR-Free,2016-03-07T15:19:22Z
WHH875,MUX3434,F,PCR-Free,2016-03-07T15:19:22Z
WHH876,MUX3434,F,Nano,2016-03-07T15:19:22Z
WHH877,MUX3434,M,PCR-Free,2016-03-07T15:19:22Z
WHH878,MUX3434,F,PCR-Free,2016-03-07T15:19:22Z
WHH879,MUX3434,M,Nano,2016-03-07T15:19:22Z
WHH880,MUX3434,M,PCR-Free,2016-03-07T15:19:22Z
WHH881,MUX3434,F,PCR-Free,2016-03-07T15:19:22Z
WHH882,MUX3434,M,PCR-Free,2016-03-07T15:19:22Z
WHH883,MUX3434,F,PCR-Free,2016-03-07T15:19:22Z
WHH884,MUX3434,M,PCR-Free,2016-03-07T15:19:23Z
WHH885,MUX3434,M,Nano,2016-03-07T15:19:23Z
WHH886,MUX3434,M,Nano,2016-03-07T15:19:23Z
WHH887,MUX3434,F,PCR-Free,2016-03-07T15:19:23Z
WHH888,MUX3434,M,PCR-Free,2016-03-07T15:19:23Z
WHH889,MUX3434,F,PCR-Free,2016-03-07T15:19:23Z
WHH890,MUX3434,F,PCR-Free,2016-03-07T15:19:23Z
WHH891,MUX3434,F,Nano,2016-03-07T15:19:23Z
WHH892,MUX3434,F,PCR-Free,2016-03-07T15:19:23Z
WHH893,MUX3434,M,PCR-Free,2016-03-07T15:19:23Z
WHH894,MUX3434,F,PCR-Free,2016-03-07T15:19:23Z
WHH895,MUX3434,F,PCR-Free,2016-03-07T15:19:23Z
WHH896,MUX3434,F,Nano,2016-03-07T15:19:23Z
WHH897,MUX3434,M,PCR-Free,2016-03-07T15:19:23Z
WHH898,MUX3434,M,PCR-Free,2016-03-07T15:19:23Z
WHH899,MUX3434,F,PCR-Free,2016-03-07T15:19:24Z
WHH900,MUX3434,F,PCR-Free,2016-03-07T15:19:24Z
WHH901,MUX3434,F,PCR-Free,2016-03-07T15:19:24Z
WHH902,MUX3434,M,PCR-Free,2016-03-07T15:19:24Z
WHH903,MUX3434,F,PCR-Free,2016-03-07T15:19:24Z
WHH904,MUX3434,M,Nano,2016-03-07T15:19:24Z
WHH905,MUX3434,M,PCR-Free,2016-03-07T15:19:24Z
WHH906,MUX3434,F,PCR-Free,2016-03-07T15:19:24Z
WHH907,MUX3434,F,PCR-Free,2016-03-07T15:19:24Z
WHH908,MUX3434,M,PCR-Free,2016-03-07T15:19:24Z
WHH909,MUX3434,F,Nano,2016-03-07T15:19:24Z
WHH922,MUX3529,F,PCR-Free,2016-03-21T14:47:23Z
WHH923,MUX3529,M,PCR-Free,2016-03-21T14:47:23Z
WHH924,MUX3529,M,PCR-Free,2016-03-21T14:47:23Z
WHH925,MUX3529,M,PCR-Free,2016-03-21T14:47:23Z
WHH926,MUX3529,M,PCR-Free,2016-03-21T14:47:23Z
WHH927,MUX3529,F,PCR-Free,2016-03-21T14:47:23Z
WHH928,MUX3529,M,PCR-Free,2016-03-21T14:47:23Z
WHH929,MUX3529,F,PCR-Free,2016-03-21T14:47:23Z
WHH930,MUX3529,F,PCR-Free,2016-03-21T14:47:23Z
WHH931,MUX3529,F,PCR-Free,2016-03-21T14:47:23Z
WHH932,MUX3529,F,PCR-Free,2016-03-21T14:47:23Z
WHH933,MUX3529,F,PCR-Free,2016-03-21T14:47:24Z
WHH934,MUX3529,F,PCR-Free,2016-03-21T14:47:24Z
WHH935,MUX3529,F,PCR-Free,2016-03-21T14:47:24Z
WHH936,MUX3529,M,PCR-Free,2016-03-21T14:47:24Z
WHH937,MUX3529,M,PCR-Free,2016-03-21T14:47:24Z
WHH938,MUX3529,M,PCR-Free,2016-03-21T14:47:24Z
WHH939,MUX3529,F,PCR-Free,2016-03-21T14:47:24Z
WHH940,MUX3529,F,PCR-Free,2016-03-21T14:47:24Z
WHH941,MUX3529,M,PCR-Free,2016-03-21T14:47:24Z
WHH942,MUX3529,F,PCR-Free,2016-03-21T14:47:24Z
WHH943,MUX3529,F,PCR-Free,2016-03-21T14:47:24Z
WHH944,MUX3529,M,PCR-Free,2016-03-21T14:47:24Z
WHH945,MUX3529,F,PCR-Free,2016-03-21T14:47:24Z
WHH946,MUX3529,F,PCR-Free,2016-03-21T14:47:24Z
WHH947,MUX3529,F,Nano,2016-03-21T14:47:24Z
WHH948,MUX3529,F,Nano,2016-03-21T14:47:24Z
WHH949,MUX3529,F,PCR-Free,2016-03-21T14:47:24Z
WHH950,MUX3529,F,PCR-Free,2016-03-21T14:47:24Z
WHH951,MUX3529,F,PCR-Free,2016-03-21T14:47:24Z
WHH952,MUX3529,M,PCR-Free,2016-03-21T14:47:24Z
WHH953,MUX3529,M,Nano,2016-03-21T14:47:24Z
WHH954,MUX3529,F,PCR-Free,2016-03-21T14:47:24Z
WHH955,MUX3529,F,PCR-Free,2016-03-21T14:47:25Z
WHH956,MUX3529,M,PCR-Free,2016-03-21T14:47:25Z
WHH957,MUX3529,M,PCR-Free,2016-03-21T14:47:25Z
WHH958,MUX3529,F,PCR-Free,2016-03-21T14:47:25Z
WHH959,MUX3529,F,PCR-Free,2016-03-21T14:47:25Z
WHH960,MUX3529,M,PCR-Free,2016-03-21T14:47:25Z
WHH961,MUX3529,F,PCR-Free,2016-03-21T14:47:25Z
WHH962,MUX3529,F,PCR-Free,2016-03-21T14:47:25Z
WHH963,MUX3529,F,PCR-Free,2016-03-21T14:47:25Z
WHH964,MUX3529,F,PCR-Free,2016-03-21T14:47:25Z
WHH965,MUX3529,F,PCR-Free,2016-03-21T14:47:25Z
WHH966,MUX3529,M,PCR-Free,2016-03-21T14:47:25Z
WHH967,MUX3529,M,Nano,2016-03-21T14:47:25Z
WHH968,MUX3529,M,PCR-Free,2016-03-21T14:47:25Z
WHH969,MUX3529,F,Nano,2016-03-21T14:47:25Z
WHH970,MUX3529,M,PCR-Free,2016-03-21T14:47:25Z
WHH971,MUX3529,M,PCR-Free,2016-03-21T14:47:25Z
WHH972,MUX3529,M,PCR-Free,2016-03-21T14:47:25Z
WHH973,MUX3529,M,PCR-Free,2016-03-21T14:47:25Z
WHH974,MUX3529,F,PCR-Free,2016-03-21T14:47:25Z
WHH975,MUX3529,M,PCR-Free,2016-03-21T14:47:26Z
WHH976,MUX3529,F,PCR-Free,2016-03-21T14:47:26Z
WHH977,MUX3529,M,PCR-Free,2016-03-21T14:47:26Z
WHH978,MUX3529,M,PCR-Free,2016-03-21T14:47:26Z
WHH979,MUX3529,F,PCR-Free,2016-03-21T14:47:26Z
WHH980,MUX3529,M,Nano,2016-03-21T14:47:26Z
WHH981,MUX3529,M,PCR-Free,2016-03-21T14:47:26Z
WHH982,MUX3529,F,PCR-Free,2016-03-21T14:47:26Z
WHH983,MUX3529,M,PCR-Free,2016-03-21T14:47:26Z
WHH984,MUX3529,M,PCR-Free,2016-03-21T14:47:26Z
WHH985,MUX3529,F,Nano,2016-03-21T14:47:26Z
WHH986,MUX3529,F,PCR-Free,2016-03-21T14:47:26Z
WHH987,MUX3529,M,PCR-Free,2016-03-21T14:47:26Z
WHH988,MUX3529,F,PCR-Free,2016-03-21T14:47:26Z
WHH989,MUX3529,M,PCR-Free,2016-03-21T14:47:26Z
WHH990,MUX3529,F,PCR-Free,2016-03-21T14:47:26Z
WHH991,MUX3529,F,PCR-Free,2016-03-21T14:47:26Z
WHH992,MUX3529,M,PCR-Free,2016-03-21T14:47:26Z
WHH993,MUX3529,F,PCR-Free,2016-03-21T14:47:26Z
WHH994,MUX3529,F,PCR-Free,2016-03-21T14:47:26Z
WHH995,MUX3529,F,PCR-Free,2016-03-21T14:47:27Z
WHH996,MUX3529,M,PCR-Free,2016-03-21T14:47:27Z
WHH997,MUX3529,F,PCR-Free,2016-03-21T14:47:27Z
WHH998,MUX3529,M,PCR-Free,2016-03-21T14:47:27Z
WHH999,MUX3529,F,PCR-Free,2016-03-21T14:47:27Z
