library_id,mean_coverage,pct_1x
WHH1000,13.62277,92.3796
WHH1001,12.70815,92.8131
WHH1002,12.20586,92.2488
WHH1003,13.73929,92.33
WHH1004,13.79641,92.3624
WHH1005,13.54433,92.3074
WHH1006,12.11665,92.2629
WHH1007,11.85281,92.2626
WHH1008,11.38255,92.257
WHH1009,11.65501,92.2134
WHH1010,12.32013,92.2551
WHH1011,13.22919,92.8377
WHH1012,13.69049,92.3072
WHH1013,13.59122,92.3511
WHH1014,12.19813,92.333
WHH1015,13.58858,92.3339
WHH1016,13.8109,92.9399
WHH1017,12.94312,92.2771
WHH1061,10.849,92.2235
WHH1062,12.15329,92.7691
WHH1063,11.45456,92.7453
WHH1064,10.78021,92.713
WHH1065,11.36316,92.6925
WHH1066,11.69737,92.7553
WHH1067,13.06622,92.809
WHH1068,12.5738,92.2103
WHH1069,12.03931,92.7649
WHH1070,13.15558,92.7983
WHH1071,13.6191,92.2994
WHH1072,12.32754,92.7834
WHH1073,10.95259,92.2054
WHH1074,13.54778,92.8251
WHH1075,11.91785,92.2725
WHH1076,10.96196,92.2073
WHH1077,11.43339,92.6402
WHH1078,11.699,92.2194
WHH1079,12.6233,92.2736
WHH1080,12.58336,92.2686
WHH1081,11.70496,92.2233
WHH1082,13.19129,92.7866
WHH1083,13.07898,92.28
WHH1084,12.2124,92.2463
WHH1085,11.22203,92.7163
WHH1086,11.91125,92.8113
WHH1087,11.49371,92.8009
WHH1088,11.59664,92.7144
WHH1089,11.57994,92.2208
WHH1090,12.0538,92.3041
WHH1091,12.64449,92.2863
WHH1092,12.26682,92.2395
WHH1093,11.84093,92.7453
WHH1094,13.06164,92.3427
WHH1095,12.81187,92.2986
WHH1096,12.24178,92.7926
WHH1097,11.02003,92.7459
WHH1098,12.24355,92.267
WHH1099,11.39938,92.2457
WHH1100,12.42891,92.7349
WHH1101,11.44308,92.8071
WHH1102,12.57201,92.2322
WHH1103,13.12037,92.7974
WHH1104,13.39631,92.277
WHH1105,12.14928,92.2607
WHH1106,13.03663,92.8509
WHH1107,13.12626,92.8406
WHH1108,12.26193,92.7841
WHH1109,11.12728,92.7318
WHH1110,11.77978,92.7216
WHH1111,12.49726,92.8113
WHH1112,11.57008,92.7392
WHH1113,12.4715,92.8027
WHH1114,12.25442,92.7606
WHH1115,13.44392,92.735
WHH1116,13.25424,92.2528
WHH1117,12.68677,92.2679
WHH1118,18.85677,92.9907
WHH1119,13.68837,92.8388
WHH1120,13.23587,92.7942
WHH1121,10.90349,92.2154
WHH1122,11.6794,92.7512
WHH1123,11.91699,92.2467
WHH1124,11.45779,92.7309
WHH1125,12.5456,92.7857
WHH1126,12.26612,92.8355
WHH1127,13.49463,92.8328
WHH1128,13.52681,92.2883
WHH1129,12.43205,92.2594
WHH1130,13.13488,92.8073
WHH1131,13.22185,92.2189
WHH1132,13.3879,92.2509
WHH1133,10.69431,92.7396
WHH1134,12.0041,92.7561
WHH1135,11.60509,92.759
WHH1136,12.4606,92.7692
WHH1137,12.63642,92.2452
WHH1138,12.35118,92.2865
WHH1139,13.85128,92.264
WHH1140,13.27586,92.7939
WHH1141,12.47275,92.2797
WHH1142,13.02853,92.7994
WHH1143,13.57149,92.8423
WHH1144,11.79602,92.2122
WHH1145,11.23101,92.7043
WHH1146,11.75436,92.7661
WHH1147,11.89881,92.2314
WHH1149,12.33644,92.2479
WHH1150,11.73068,92.2061
WHH1151,14.35607,92.2935
WHH1152,13.42936,92.7833
WHH1153,12.4882,92.7729
WHH1154,12.9286,92.8384
WHH1155,14.22345,92.2547
WHH1156,11.39951,92.1612
WHH1157,12.72256,92.2929
WHH1158,13.2496,92.3243
WHH1159,12.76474,92.2515
WHH1160,11.89597,92.204
WHH1161,12.5281,92.3334
WHH1162,11.46242,92.7372
WHH1163,12.68566,92.8477
WHH1164,12.10209,92.2846
WHH1165,12.35475,92.3105
WHH1166,13.55441,92.325
WHH1167,14.0407,92.3078
WHH1168,12.67332,92.7642
WHH1169,12.01213,92.2702
WHH1170,13.11404,92.3439
WHH1171,12.79127,92.3587
WHH1172,12.54212,92.285
WHH1173,13.47336,92.3315
WHH1174,12.84376,92.2967
WHH1175,13.25275,92.2987
WHH1176,12.65032,92.3521
WHH1177,12.30964,92.3067
WHH1178,13.86097,92.8514
WHH1179,13.02097,92.8472
WHH1180,12.49697,92.3143
WHH1181,11.59018,92.8054
WHH1182,13.26038,92.331
WHH1183,12.47637,92.848
WHH1184,12.90894,92.3427
WHH1185,13.51374,92.3276
WHH1186,12.83874,92.3171
WHH1187,12.76025,92.265
WHH1188,11.99756,92.292
WHH1189,11.89463,92.2723
WHH1190,13.72186,92.8794
WHH1191,12.98487,92.8534
WHH1192,12.5371,92.3472
WHH1193,12.95392,92.8636
WHH1194,13.78767,92.3579
WHH1195,12.8222,92.8853
WHH1196,13.22518,92.3523
WHH1197,14.24661,92.352
WHH1198,12.78304,92.8455
WHH1199,13.41444,92.3238
WHH1200,13.23931,92.3006
WHH1201,12.66552,92.2842
WHH1202,13.35495,92.8819
WHH1203,14.22174,92.3572
WHH1204,13.4652,92.3319
WHH1205,12.47374,92.2946
WHH1206,14.28762,92.8563
WHH1207,13.29533,92.8759
WHH1208,12.91732,92.8063
WHH1209,12.92485,92.3533
WHH1210,12.87215,92.336
WHH1211,12.94745,92.8796
WHH1212,13.112120000000001,92.3542
WHH1213,13.76765,92.8709
WHH1214,13.52267,92.8451
WHH1215,14.64373,92.3724
WHH1216,13.73266,92.3561
WHH1217,12.18493,92.2967
WHH1218,13.72049,92.3127
WHH1219,12.45884,92.8347
WHH1220,13.03338,92.783
WHH1221,13.29243,92.3423
WHH1222,12.75418,92.305
WHH1223,13.61327,92.2868
WHH1224,13.00809,92.3217
WHH1225,12.94427,92.8037
WHH1226,13.99711,92.8741
WHH1227,14.8128,92.9081
WHH1228,13.94026,92.8753
WHH1229,11.50555,92.2822
WHH1230,13.56544,92.8316
WHH1231,12.15702,92.284
WHH1232,12.45702,92.8359
WHH1233,13.05638,92.827
WHH1234,12.28225,92.283
WHH1235,13.16991,92.2846
WHH1236,13.16695,92.3636
WHH1237,11.89921,92.8329
WHH1238,14.4748,92.875
WHH1239,14.22466,92.8932
WHH1240,13.3414,92.83
WHH1241,11.50392,92.833
WHH1242,12.95897,92.7891
WHH1243,12.5829,92.3034
WHH1244,12.95379,92.8176
WHH1246,12.6868,92.3307
WHH1247,12.94845,92.2963
WHH1248,13.29388,92.3062
WHH1249,12.26561,92.8189
WHH1250,14.67741,92.9286
WHH1251,14.2449,92.3511
WHH1252,13.33733,92.3116
WHH1253,10.85174,92.7422
WHH1254,12.89409,92.2524
WHH1255,11.86796,92.2779
WHH1256,11.30008,92.2154
WHH1257,12.47746,92.2602
WHH1258,13.01899,92.8126
WHH1259,13.06233,92.335
WHH1260,12.73068,92.8322
WHH1261,11.14894,92.7721
WHH1262,12.13741,92.8279
WHH1263,14.16009,92.3545
WHH1264,16.63869,92.3996
WHH1265,10.37495,92.6668
WHH1266,11.64816,92.2198
WHH1267,11.02203,92.7361
WHH1268,11.13286,92.2069
WHH1269,11.24334,92.2277
WHH1270,12.12832,92.2699
WHH1271,12.80591,92.8018
WHH1272,11.82197,92.8231
WHH1273,10.76812,92.209
WHH1274,12.48033,92.31
WHH1275,12.97915,92.8022
WHH1276,12.55382,92.2764
WHH1277,13.03568,92.8482
WHH1278,11.11832,92.249
WHH1279,11.68492,92.2249
WHH1280,11.26157,92.7553
WHH1281,11.13989,92.2366
WHH1282,11.32297,92.7662
WHH1283,12.23462,92.2983
WHH1284,11.55075,92.2592
WHH1285,10.66237,92.2325
WHH1286,12.80421,92.29
WHH1287,13.74902,92.8514
WHH1288,12.23513,92.2965
WHH1289,10.28898,92.6827
WHH1290,12.54167,92.7643
WHH1291,11.70474,92.8047
WHH1292,11.80294,92.7839
WHH1293,11.90644,92.8067
WHH1294,11.96581,92.8151
WHH1295,12.36169,92.3382
WHH1296,11.47496,92.2693
WHH1297,11.0394,92.2249
WHH1298,13.23789,92.3159
WHH1299,13.52478,92.3881
WHH1300,12.30706,92.2643
WHH1301,9.92549,92.2099
WHH1302,11.88322,92.8127
WHH1303,12.12644,92.8076
WHH1304,10.77285,92.2292
WHH1305,11.28592,92.7793
WHH1306,10.99791,92.763
WHH1307,12.72375,92.2888
WHH1308,11.56726,92.7616
WHH1309,10.88642,92.2347
WHH1310,13.19402,92.8318
WHH1311,14.52573,92.3805
WHH1312,11.60949,92.79
WHH1313,9.05336,92.1032
WHH1314,10.84693,92.1986
WHH1315,11.42595,92.2331
WHH1316,10.51008,92.1254
WHH1317,11.37367,92.2078
WHH1318,10.86932,92.2699
WHH1319,11.49083,92.8044
WHH1320,10.94824,92.2491
WHH1321,11.42853,92.2241
WHH1322,12.08222,92.7586
WHH1323,13.95068,92.3075
WHH1324,12.15578,92.8037
WHH1325,9.74357,92.665
WHH1326,11.83504,92.2471
WHH1327,11.20535,92.2187
WHH1328,11.65206,92.6809
WHH1329,11.56414,92.2603
WHH1330,10.95124,92.208
WHH1331,12.22274,92.2495
WHH1332,13.41494,92.3075
WHH1333,12.11264,92.269
WHH1334,12.57997,92.2933
WHH1335,14.10138,92.3382
WHH1336,12.43498,92.8014
WHH1337,10.51325,92.1685
WHH1338,11.38388,92.2467
WHH1339,12.01675,92.2524
WHH1340,11.9225,92.2354
WHH1341,11.77001,92.1855
WHH1342,12.19107,92.7721
WHH1343,13.30895,92.3046
WHH1344,12.24017,92.8378
WHH1345,12.02904,92.3032
WHH1346,13.61131,92.3351
WHH1347,13.1754,92.8167
WHH1348,13.06518,92.3155
WHH1349,10.75472,92.1897
WHH1350,11.53829,92.7576
WHH1351,11.36241,92.2323
WHH1352,11.15981,92.7174
WHH1353,11.58499,92.7426
WHH1354,10.6887,92.7182
WHH1355,12.60806,92.2723
WHH1356,11.35272,92.2403
WHH1357,10.50888,92.2165
WHH1358,11.67051,92.7384
WHH1359,11.94494,92.285
WHH1360,11.67631,92.23
WHH1361,10.62725,92.1883
WHH1362,12.35897,92.2316
WHH1363,11.85483,92.2479
WHH1364,11.21608,92.7414
WHH1365,11.85208,92.7966
WHH1366,11.19464,92.7363
WHH1367,11.80755,92.7674
WHH1368,11.50643,92.2346
WHH1369,11.32269,92.1831
WHH1370,12.38416,92.801
WHH1371,12.53228,92.8018
WHH1372,11.93614,92.7689
WHH1373,9.79956,92.6304
WHH1374,11.64188,92.7479
WHH1375,10.58128,92.7017
WHH1376,9.46349,92.6562
WHH1377,10.80724,92.2005
WHH1378,10.77014,92.693
WHH1379,12.02857,92.3228
WHH1380,12.16953,92.7299
WHH1381,10.18292,92.7134
WHH1382,13.15892,92.8138
WHH1383,12.41384,92.7915
WHH1384,11.38143,92.2122
WHH1385,11.297180000000001,92.2162
WHH1386,11.19879,92.2342
WHH1387,12.07905,92.8287
WHH1388,10.2227,92.7031
WHH1389,11.60717,92.2243
WHH1390,11.32485,92.7349
WHH1391,12.14912,92.2802
WHH1392,13.19,92.8048
WHH1393,10.64643,92.7201
WHH1394,12.15903,92.8142
WHH1395,13.09628,92.7849
WHH1396,12.4691,92.3054
WHH1397,11.10711,92.7416
WHH1398,11.16604,92.7376
WHH1399,11.32952,92.7474
WHH1400,11.73983,92.6908
WHH1401,11.23705,92.242
WHH1402,11.12523,92.7665
WHH1403,12.18192,92.3026
WHH1404,11.38965,92.2757
WHH1405,10.7647,92.2308
WHH1406,13.19757,92.3386
WHH1407,13.88074,92.3206
WHH1409,10.17967,92.1882
WHH1410,11.1274,92.2528
WHH1411,10.71927,92.206
WHH1412,11.14213,92.2223
WHH1413,12.1924,92.2722
WHH1414,11.39472,92.7629
WHH1415,12.47548,92.7937
WHH1416,11.8783,92.7812
WHH1417,11.80563,92.291
WHH1418,12.69932,92.846
WHH1419,13.82819,92.2941
WHH1420,12.24462,92.7604
WHH1421,10.67921,92.1865
WHH1422,12.42037,92.7986
WHH1423,12.09603,92.198
WHH1424,11.37123,92.7131
WHH1425,11.58104,92.7653
WHH1426,11.19148,92.1924
WHH1427,13.29281,92.8388
WHH1428,13.04581,92.2776
WHH1429,11.55267,92.2708
WHH1430,13.89035,92.3114
WHH1431,13.76531,92.3165
WHH1432,12.26132,92.2522
WHH1433,10.37904,92.1988
WHH1435,11.13253,92.7638
WHH1436,10.6926,92.749
WHH1437,12.01221,92.7809
WHH1438,11.58123,92.7664
WHH1439,11.89094,92.7746
WHH1440,12.10031,92.7496
WHH1441,11.97504,92.2528
WHH1442,12.6154,92.7849
WHH1443,13.1831,92.2883
WHH1444,12.10337,92.2459
WHH1448,11.3203,92.7411
WHH1449,12.24334,92.2702
WHH1450,12.41032,92.2629
WHH1451,11.65574,92.2118
WHH1452,13.41987,92.803
WHH1453,12.27654,92.2401
WHH1454,13.08178,92.833
WHH1455,12.72216,92.7998
WHH1456,11.72567,92.736
WHH1457,13.41214,92.2452
WHH1458,13.61592,92.272
WHH1459,12.60147,92.24
WHH1460,10.83829,92.693
WHH1461,12.0497,92.7684
WHH1462,12.45668,92.8363
WHH1463,12.31496,92.7286
WHH1464,12.9094,92.7767
WHH1465,11.52241,92.7198
WHH1466,13.33192,92.2753
WHH1467,12.57134,92.7478
WHH1468,10.90645,92.6749
WHH1469,13.3782,92.298
WHH1470,14.02775,92.8044
WHH1471,13.33951,92.2682
WHH1472,11.18646,92.7621
WHH1473,12.84658,92.2919
WHH1474,13.18006,92.2661
WHH1475,11.92961,92.7509
WHH1476,12.39715,92.25
WHH1477,11.57321,92.2696
WHH1478,12.85926,92.2713
WHH1479,12.75894,92.8019
WHH1480,11.35556,92.2931
WHH1481,12.28484,92.2299
WHH1482,12.87724,92.2154
WHH1483,12.18215,92.2342
WHH1484,11.05847,92.2542
WHH1485,13.01978,92.2991
WHH1486,13.03523,92.2441
WHH1487,11.93227,92.1962
WHH1488,13.7595,92.2623
WHH1489,12.75494,92.8033
WHH1490,13.80713,92.3009
WHH1491,12.6907,92.2329
WHH1492,12.29772,92.7912
WHH1493,13.91475,92.3096
WHH1494,13.95378,92.2959
WHH1495,12.73785,92.3093
WHH1496,11.80541,92.2287
WHH1497,13.30951,92.2931
WHH1498,12.82327,92.2861
WHH1499,13.2207,92.7711
WHH1500,12.22188,92.2962
WHH1501,13.45966,92.3677
WHH1502,13.95001,92.8618
WHH1503,13.27103,92.3122
WHH1504,12.99416,92.3178
WHH1505,13.89017,92.2966
WHH1506,14.78418,92.2876
WHH1507,13.38091,92.2297
WHH1508,10.07358,92.1483
WHH1509,12.72139,92.2937
WHH1510,11.54323,92.7046
WHH1511,11.33749,92.7475
WHH1512,11.81152,92.7899
WHH1513,11.61507,92.7535
WHH1514,12.45564,92.8292
WHH1515,12.78436,92.268
WHH1516,11.84661,92.775
WHH1517,13.65865,92.2889
WHH1518,13.71825,92.8523
WHH1519,12.60363,92.2668
WHH1520,10.59012,92.7158
WHH1521,11.87016,92.7422
WHH1522,11.80764,92.2198
WHH1523,11.91799,92.2429
WHH1524,12.78968,92.7766
WHH1525,12.28456,92.7702
WHH1526,13.09052,92.2519
WHH1527,13.10141,92.2757
WHH1528,12.14297,92.7375
WHH1529,12.62368,92.3087
WHH1530,14.90191,92.2977
WHH1531,13.01402,92.1931
WHH1532,10.18015,92.1682
WHH1533,11.76495,92.7656
WHH1534,11.95956,92.2734
WHH1535,10.96708,92.7069
WHH1536,12.42603,92.2122
WHH1537,13.11821,92.8285
WHH1538,12.79835,92.28
WHH1539,12.73895,92.7905
WHH1540,11.44652,92.2385
WHH1541,14.35844,92.246
WHH1542,13.73144,92.3034
WHH1543,13.88449,92.2639
WHH1544,10.25471,92.7021
WHH1545,12.795959999999999,92.2962
WHH1546,11.24106,92.2783
WHH1547,11.81717,92.7288
WHH1548,11.95627,92.2149
WHH1549,11.90729,92.2451
WHH1550,12.53185,92.2489
WHH1551,12.58988,92.7975
WHH1552,12.10336,92.7796
WHH1553,12.5483,92.2402
WHH1554,12.60816,92.2641
WHH1555,11.40658,92.7276
WHH1556,10.07605,92.6714
WHH1557,13.35985,92.3067
WHH1558,12.268370000000001,92.252
WHH1559,11.53284,92.7096
WHH1560,12.23993,92.2483
WHH1561,12.62196,92.2826
WHH1562,13.41835,92.8061
WHH1563,12.8604,92.7988
WHH1564,12.21674,92.2823
WHH1565,13.4693,92.2938
WHH1566,13.50622,92.8942
WHH1568,10.92376,92.1966
WHH1569,11.87522,92.8151
WHH1570,12.46562,92.2956
WHH1571,11.50755,92.2809
WHH1572,12.51985,92.289
WHH1573,12.49698,92.2494
WHH1574,12.60125,92.2845
WHH1575,11.97152,92.2394
WHH1576,11.10271,92.7738
WHH1577,12.58031,92.8144
WHH1578,13.80024,92.8401
WHH1579,12.19,92.2631
WHH1580,11.60963,92.199700000000007
WHH1581,12.65518,92.8123
WHH1582,11.71848,92.8166
WHH1583,12.77484,92.4536
WHH1584,13.24183,92.2998
WHH1585,14.15964,92.276
WHH1586,11.82406,92.7903
WHH1587,13.62944,92.2852
WHH1588,12.55564,92.3153
WHH1589,14.01045,92.8505
WHH1590,14.12588,92.2862
WHH1591,12.67959,92.2785
WHH1592,12.16647,92.25
WHH1593,13.10841,92.2626
WHH1594,12.71469,92.32
WHH1595,12.36968,92.283
WHH1596,11.8272,92.2983
WHH1597,13.00452,92.8396
WHH1598,14.55869,92.3827
WHH1599,14.66865,92.3075
WHH1600,12.34071,92.8063
WHH1601,14.18365,92.8534
WHH1602,14.12091,92.3555
WHH1603,12.11751,92.765
WHH1604,11.44942,92.2305
WHH1605,12.35619,92.2696
WHH1606,12.18589,92.2654
WHH1607,12.30549,92.214
WHH1608,13.60005,92.8192
WHH1609,12.01871,92.8064
WHH1610,13.24094,92.2772
WHH1611,14.09827,92.3548
WHH1612,12.2073,92.2806
WHH1613,13.42581,92.2888
WHH1614,13.70747,92.3213
WHH1615,13.09785,92.2446
WHH1616,11.07259,92.1862
WHH1617,13.74792,92.8511
WHH1618,13.242,92.7809
WHH1619,11.5639,92.6832
WHH1620,11.89312,92.2427
WHH1621,12.00818,92.7411
WHH1622,13.5003,92.8543
WHH1623,13.10803,92.265
WHH1624,12.75354,92.2615
WHH1625,13.43562,92.3434
WHH1626,13.74128,92.7973
WHH1627,13.43777,92.2851
WHH1628,11.16904,92.7474
WHH1629,12.34766,92.8416
WHH1630,12.19387,92.7992
WHH1631,11.3277,92.6919
WHH1632,11.16224,92.7636
WHH1633,11.5584,92.2297
WHH1634,12.74788,92.2197
WHH1635,11.33323,92.7258
WHH1636,11.43719,92.2547
WHH1637,14.12035,92.2909
WHH1638,13.62156,92.2694
WHH1639,12.18089,92.2459
WHH1640,10.48734,92.1322
WHH1641,11.181,92.2228
WHH1642,11.82164,92.7582
WHH1643,11.22385,92.7378
WHH1644,11.6874,92.7289
WHH1645,10.80778,92.7281
WHH1646,12.19915,92.239
WHH1647,11.99638,92.7883
WHH1648,11.83388,92.23
WHH1649,13.5405,92.2965
WHH1650,12.8776,92.7761
WHH1651,11.50789,92.2358
WHH1652,10.18428,92.1629
WHH1653,11.06538,92.1747
WHH1654,10.97255,92.7377
WHH1655,11.24884,92.732
WHH1656,10.72597,92.1679
WHH1657,10.955260000000001,92.6986
WHH1658,11.61819,92.7467
WHH1659,12.14575,92.7307
WHH1660,11.19435,92.2472
WHH1661,13.34768,92.2639
WHH1662,12.90549,92.786
WHH1663,11.76364,92.2391
WHH1664,10.67827,92.1544
WHH1665,11.05436,92.7083
WHH1666,11.15124,92.2415
WHH1667,10.5895,92.6938
WHH1668,11.60714,92.2496
WHH1669,11.40726,92.1968
WHH1670,12.03646,92.8154
WHH1671,11.84395,92.7559
WHH1672,10.75234,92.2318
WHH1673,12.14746,92.2705
WHH1674,13.1172,92.8095
WHH1676,9.86002,92.1615
WHH1677,11.98173,92.2487
WHH1678,12.81638,92.2577
WHH1679,12.00761,92.2248
WHH1680,11.44595,92.7436
WHH1681,11.818,92.2732
WHH1682,12.20832,92.287
WHH1683,11.88794,92.7865
WHH1684,11.94102,92.753
WHH1685,13.79303,92.8236
WHH1686,13.5503,92.8279
WHH1687,11.11072,92.7744
WHH1688,11.00088,92.1956
WHH1689,12.82947,92.2722
WHH1690,12.61618,92.8022
WHH1691,12.81077,92.8121
WHH1692,12.91024,92.2932
WHH1693,11.84518,92.7648
WHH1694,13.05686,92.2573
WHH1695,12.87873,92.7924
WHH1696,12.07402,92.7601
WHH1697,14.32412,92.8762
WHH1698,13.20892,92.3424
WHH1699,12.70546,92.2831
WHH1700,11.19722,92.1747
WHH1701,11.74115,92.2437
WHH1702,11.52843,92.2489
WHH1703,12.3667,92.7375
WHH1704,12.08943,92.2839
WHH1706,12.43813,92.2433
WHH1707,12.49445,92.7921
WHH1708,11.59173,92.2669
WHH1709,12.70486,92.2527
WHH1710,13.70148,92.2926
WHH1711,13.1972,92.259
WHH1712,10.91584,92.7071
WHH1713,12.34981,92.2681
WHH1714,12.25435,92.2901
WHH1715,12.67378,92.2628
WHH1716,12.38445,92.7422
WHH1717,11.81208,92.2597
WHH1718,12.95056,92.2975
WHH1719,11.9803,92.2369
WHH1720,11.89979,92.8162
WHH1721,13.5716,92.8101
WHH1722,13.63834,92.7962
WHH1723,12.74524,92.2764
WHH1725,12.05979,92.2323
WHH1726,12.40354,92.2734
WHH1727,12.43747,92.7628
WHH1728,11.92685,92.789
WHH1729,13.08538,92.3106
WHH1730,12.6601,92.8225
WHH1731,12.15508,92.7554
WHH1732,11.87547,92.2441
WHH1733,13.75876,92.8833
WHH1734,14.00762,92.8739
WHH1735,12.17345,92.2332
WHH1736,11.78857,92.2752
WHH1737,13.0465,92.7948
WHH1738,14.59981,92.2801
WHH1739,12.52916,92.7657
WHH1740,13.6703,92.2785
WHH1741,13.2004,92.2269
WHH1742,13.93496,92.8132
WHH1743,12.4995,92.7756
WHH1744,11.07441,92.1793
WHH1745,12.52903,92.8081
WHH1746,12.579650000000001,92.2434
WHH1747,11.55978,92.2181
WHH1748,11.39252,92.7564
WHH1749,13.0254,92.8164
WHH1750,13.39632,92.8143
WHH1751,12.14172,92.7401
WHH1752,11.12549,92.254
WHH1753,12.07705,92.2502
WHH1754,12.00191,92.263
WHH1755,12.04261,92.7632
WHH1756,12.63118,92.8165
WHH1757,13.01329,92.8559
WHH1758,9.72851,92.7033
WHH1759,11.46135,92.7368
WHH1760,13.25897,92.2849
WHH1761,12.8702,92.279
WHH1762,11.69182,92.7644
WHH1764,13.17114,92.3084
WHH1765,12.95999,92.3084
WHH1766,11.99845,92.7442
WHH1767,11.83001,92.2705
WHH1768,12.41596,92.7813
WHH1769,12.011,92.8223
WHH1770,12.32902,92.2436
WHH1771,12.16819,92.2653
WHH1772,13.5389,92.3412
WHH1773,13.77115,92.7855
WHH1774,12.59076,92.8654
WHH1775,11.9632,92.7707
WHH1776,13.48935,92.3002
WHH1777,12.59684,92.8088
WHH1778,12.53274,92.2954
WHH1779,12.9149,92.291
WHH1780,12.70364,92.2837
WHH1781,13.86148,92.8507
WHH1782,13.76469,92.8867
WHH1783,12.39264,92.3018
WHH1784,14.30218,92.3483
WHH1785,15.38735,92.3359
WHH1786,12.75755,92.8117
WHH1787,10.81598,92.7222
WHH1788,13.09799,92.3106
WHH1789,12.53236,92.7841
WHH1790,12.39165,92.7794
WHH1791,11.75457,92.2734
WHH1792,13.0699,92.8251
WHH1793,12.10755,92.7657
WHH1794,9.19606,92.5932
WHH1795,13.80381,92.7892
WHH1796,14.06966,92.3363
WHH1797,11.52523,92.7628
WHH1798,12.39952,92.7601
WHH1799,12.66141,92.7872
WHH1800,13.01448,92.8684
WHH1801,11.90024,92.301
WHH1802,13.2063,92.2939
WHH1803,12.71289,92.2383
WHH1804,13.87217,92.8864
WHH1805,14.47453,92.286
WHH1806,12.46004,92.2311
WHH1807,11.32108,92.1995
WHH1808,13.26743,92.2937
WHH1809,12.18936,92.7756
WHH1810,13.25664,92.8472
WHH1811,12.66951,92.2596
WHH1812,12.48935,92.7823
WHH1813,12.77446,92.7781
WHH1814,12.70484,92.279
WHH1815,14.77815,92.3598
WHH1816,14.44542,92.3402
WHH1817,12.71308,92.776
WHH1818,10.70841,92.191
WHH1819,11.44203,92.1718
WHH1820,10.48066,92.1382
WHH1821,12.42133,92.22
WHH1822,10.3275,92.1503
WHH1823,10.73064,92.7215
WHH1824,11.32958,92.6804
WHH1825,10.12266,92.6658
WHH1826,10.80963,92.7359
WHH1827,11.49827,92.1574
WHH1828,12.27647,92.2487
WHH1829,10.71052,92.1385
WHH1830,11.47242,92.7571
WHH1831,10.21028,92.1512
WHH1832,11.47178,92.2405
WHH1833,12.54557,92.8584
WHH1834,12.14167,92.8011
WHH1835,12.6826,92.7998
WHH1836,12.80908,92.3526
WHH1837,12.9045,92.3491
WHH1838,13.31432,92.3399
WHH1839,13.93804,92.8781
WHH1840,12.6771,92.3371
WHH1841,13.25372,92.257
WHH1842,14.11392,92.3269
WHH1843,13.27625,92.3204
WHH1844,11.24411,92.7342
WHH1845,12.8608,92.3422
WHH1846,12.71328,92.3262
WHH1847,10.34764,92.1445
WHH1848,13.05132,92.2536
WHH1849,12.38174,92.2983
WHH1850,12.4463,92.7737
WHH1851,12.85746,92.8006
WHH1852,11.62588,92.2598
WHH1853,13.30385,92.2933
WHH1854,13.49042,92.8267
WHH1855,12.69246,92.8124
WHH1856,10.47625,92.7211
WHH1857,13.50427,92.8305
WHH1858,12.53366,92.3006
WHH1859,11.31649,92.2557
WHH1860,12.52714,92.2977
WHH1861,11.95867,92.8284
WHH1862,11.68698,92.7696
WHH1863,12.68774,92.2849
WHH1864,11.82858,92.8211
WHH1865,13.24025,92.8974
WHH1866,13.4388,92.8611
WHH1867,13.21518,92.8172
WHH1868,11.00987,92.2445
WHH1869,13.08295,92.8385
WHH1870,12.15299,92.3056
WHH1871,11.97835,92.7815
WHH1872,12.81317,92.3041
WHH1873,12.42953,92.8453
WHH1874,12.68141,92.8616
WHH1875,13.56235,92.359
WHH1876,12.07561,92.792
WHH1877,14.30677,92.3807
WHH1878,14.72632,92.8315
WHH1879,13.23448,92.8701
WHH1880,11.55081,92.2282
WHH1881,13.14536,92.3408
WHH1882,13.25868,92.8545
WHH1883,13.00222,92.8508
WHH1884,14.02308,92.3459
WHH1885,13.50948,92.37
WHH1886,11.85993,92.8284
WHH1887,13.59119,92.308
WHH1888,12.3529,92.8166
WHH1890,15.78345,92.3693
WHH1891,14.06704,92.3251
WHH1892,10.74293,92.7144
WHH1893,11.80851,92.2753
WHH1894,11.22371,92.7902
WHH1895,11.39575,92.2593
WHH1896,13.41244,92.3649
WHH1897,12.55057,92.8119
WHH1898,13.1579,92.8761
WHH1899,12.95539,92.8385
WHH1900,12.64628,92.8575
WHH1901,13.7746,92.3528
WHH1902,13.60049,92.8489
WHH1903,13.06932,92.8722
WHH1904,10.67709,92.7111
WHH1905,12.2053,92.31
WHH1906,11.43763,92.7489
WHH1907,10.6265,92.2053
WHH1908,13.01201,92.3262
WHH1909,12.29891,92.8415
WHH1910,12.59645,92.2837
WHH1911,13.09442,92.8364
WHH1912,12.84354,92.2393
WHH1913,13.84579,92.3597
WHH1914,13.39596,92.8271
WHH1915,14.34241,92.3012
WHH1916,11.85812,92.7325
WHH1917,13.17338,92.8617
WHH1918,12.59647,92.8502
WHH1919,11.17507,92.2247
WHH1920,13.13313,92.3053
WHH1921,13.28198,92.3085
WHH1922,13.97889,92.8971
WHH1923,13.88182,92.8393
WHH1924,12.6002,92.8417
WHH1925,15.46221,92.3369
WHH1926,14.09519,92.3667
WHH1927,13.56293,92.2935
WHH2120,11.01451,92.7697
WHH2121,11.28762,92.7735
WHH2122,11.13856,92.7942
WHH2123,12.03981,92.2488
WHH2124,12.35905,92.8493
WHH2125,11.84665,92.2614
WHH2126,12.10122,92.3004
WHH2127,11.96399,92.2957
WHH2128,12.06017,92.2855
WHH2129,13.3658,92.8236
WHH2130,13.63657,92.4193
WHH2131,13.04179,92.8033
WHH2132,10.09059,92.1713
WHH2133,11.45288,92.8184
WHH2134,11.26793,92.7928
WHH2135,11.50756,92.7595
WHH2136,11.32534,92.7963
WHH2137,10.76187,92.7653
WHH2138,11.88222,92.2829
WHH2139,11.5788,92.8241
WHH2140,10.38836,92.2703
WHH2141,12.35872,92.811
WHH2142,13.47871,92.9133
WHH2143,12.05333,92.2677
WHH2144,10.19083,92.687
WHH2145,11.42233,92.3066
WHH2146,10.69664,92.7932
WHH2147,10.41308,92.2061
WHH2148,11.69793,92.8405
WHH2149,10.77728,92.747
WHH2150,11.36255,92.8284
WHH2151,11.94791,92.2937
WHH2152,10.59016,92.2807
WHH2153,12.76318,92.8371
WHH2154,13.05616,92.3294
WHH2155,11.26666,92.7922
WHH2156,10.54094,92.7546
WHH2157,11.31054,92.8469
WHH2158,12.12315,92.7854
WHH2159,11.34717,92.289
WHH2160,11.69598,92.2717
WHH2161,12.82136,92.3508
WHH2162,13.63775,92.3549
WHH2163,12.91744,92.3361
WHH2164,10.99463,92.7712
WHH2165,12.84813,92.8896
WHH2166,13.84729,92.3797
WHH2167,12.53855,92.2466
WHH2168,10.53759,92.2178
WHH2170,12.78372,92.3137
WHH2171,11.55865,92.2889
WHH2172,12.69878,92.3741
WHH2173,12.93675,92.3156
WHH2174,12.77606,92.362
WHH2175,12.52488,92.8564
WHH2176,11.7574,92.8044
WHH2177,13.99534,92.9029
WHH2178,14.14018,92.8744
WHH2179,13.44176,92.825
WHH2180,10.40867,92.2056
WHH2181,11.23765,92.7941
WHH2182,11.20334,92.2824
WHH2183,9.98645,92.1481
WHH2184,11.81974,92.79
WHH2185,11.95132,92.8154
WHH2186,13.33231,92.3368
WHH2187,12.39277,92.2966
WHH2188,10.24682,92.7439
WHH2189,13.26769,92.373
WHH2190,13.70315,92.8779
WHH2191,11.69233,92.2618
WHH2192,11.06522,92.7803
WHH2193,11.74097,92.8064
WHH2194,11.07297,92.7344
WHH2195,10.55445,92.7463
WHH2196,11.06268,92.2951
WHH2197,11.07316,92.2668
WHH2198,12.11796,92.2929
WHH2199,11.48642,92.2724
WHH2200,11.5589,92.2977
WHH2201,13.99108,92.3127
WHH2202,13.62864,92.8856
WHH2203,12.75733,92.2951
WHH2204,10.32481,92.7776
WHH2205,13.1263,92.3887
WHH2206,11.3042,92.8173
WHH2207,11.17726,92.2612
WHH2208,11.31403,92.768
WHH2209,11.55703,92.2847
WHH2210,12.17079,92.2915
WHH2211,12.25461,92.3123
WHH2212,12.63702,92.281
WHH2213,13.75537,92.3991
WHH2214,11.80412,92.8496
WHH2215,13.17463,92.8527
WHH429,11.56512,92.2919
WHH430,12.3003,92.3265
WHH431,10.21397,92.7629
WHH432,9.29727,92.0909
WHH433,10.76648,92.2723
WHH434,10.31507,92.7831
WHH435,15.54538,92.9549
WHH436,12.68732,92.3496
WHH437,15.79986,92.6186
WHH438,11.58197,92.843
WHH439,14.92258,92.4425
WHH440,14.08497,92.9379
WHH441,12.19066,92.3334
WHH442,12.83728,92.3902
WHH443,8.01467,92.0392
WHH444,7.09504,91.8896
WHH445,9.14258,92.1622
WHH446,7.95186,92.5191
WHH447,9.22674,92.1865
WHH448,12.13177,92.3301
WHH449,13.07129,92.3805
WHH450,14.97749,92.9503
WHH451,13.97806,92.9193
WHH452,13.31587,92.3631
WHH453,10.45744,92.7514
WHH454,11.30125,92.3099
WHH455,8.04774,92.5857
WHH456,6.56004,92.231
WHH457,9.22189,92.1814
WHH458,9.53404,92.8237
WHH459,11.42446,92.3034
WHH460,8.02016,92.1223
WHH461,11.63628,92.3354
WHH462,15.43806,92.9004
WHH463,13.64175,92.9466
WHH464,12.98093,92.3552
WHH466,11.57309,92.3224
WHH467,12.29392,92.3325
WHH468,8.52224,92.1438
WHH469,9.9684,92.7226
WHH470,8.02327,92.5586
WHH471,7.76786,92.0592
WHH472,8.98198,92.6624
WHH473,7.4781,91.9979
WHH474,5.12198,91.6443
WHH475,10.18718,92.7142
WHH476,12.39296,92.3432
WHH477,10.39881,92.7271
WHH478,12.34697,92.9188
WHH479,12.76079,92.8563
WHH480,9.15829,92.1234
WHH481,7.81632,92.0765
WHH482,6.29312,92.1894
WHH483,6.52765,91.9605
WHH484,7.57663,92.0116
WHH485,8.83073,92.6608
WHH486,13.33434,92.3992
WHH487,13.0766,92.4997
WHH488,18.09307,92.5186
WHH489,9.26247,92.6835
WHH490,12.40312,92.3525
WHH491,10.573,92.7805
WHH492,9.35116,92.1403
WHH493,5.94696,92.0485
WHH494,7.74741,92.5151
WHH495,6.24252,92.1705
WHH496,7.57958,92.0312
WHH497,7.04483,92.3771
WHH498,10.51316,92.6853
WHH499,12.42712,92.3215
WHH500,14.11913,92.3784
WHH501,9.41885,92.1935
WHH502,17.81139,93.031
WHH503,10.94952,92.7496
WHH504,10.81919,92.2609
WHH505,6.8207,92.3483
WHH506,10.3897,92.2673
WHH507,6.90671,91.9039
WHH508,10.00029,92.7115
WHH509,8.7006,92.1123
WHH510,15.08757,92.4627
WHH511,12.49017,92.8888
WHH512,17.54017,92.5157
WHH513,10.42913,92.2193
WHH514,16.53682,92.498
WHH515,14.52563,92.9206
WHH516,11.31056,92.2388
WHH517,7.13684,92.3533
WHH518,10.61375,92.2354
WHH519,8.92217,92.1376
WHH520,9.88296,92.2735
WHH521,8.42671,92.0534
WHH522,18.57428,93.066
WHH523,19.91377,93.1001
WHH524,16.26908,92.4801
WHH525,13.13898,92.3893
WHH526,15.9946,92.976
WHH527,12.27316,92.8611
WHH528,11.5922,92.8425
WHH529,12.5265,92.8387
WHH530,11.93565,92.3189
WHH531,13.51039,92.8997
WHH532,12.363340000000001,92.6414
WHH533,11.90342,92.3098
WHH534,13.04615,92.8621
WHH535,13.88473,92.4033
WHH536,12.76611,92.3481
WHH537,12.46309,92.3526
WHH538,12.54153,92.8737
WHH539,12.075,92.3641
WHH540,11.57216,92.8227
WHH541,12.68288,92.3906
WHH542,11.68151,92.2573
WHH543,11.55633,92.7806
WHH544,12.25813,92.3408
WHH545,11.70642,92.8119
WHH546,12.94943,92.9085
WHH547,13.44571,92.4005
WHH548,12.43231,92.8541
WHH549,12.85074,92.2937
WHH550,11.93458,92.2997
WHH551,12.30573,92.3523
WHH552,11.37245,92.2809
WHH553,11.57125,92.2812
WHH554,11.60755,92.8621
WHH555,12.45736,92.8867
WHH556,12.40804,92.3457
WHH557,11.22641,92.2978
WHH558,12.53915,92.3591
WHH559,13.21223,92.8753
WHH560,12.97514,92.2928
WHH561,12.40424,92.8684
WHH562,13.06957,92.9425
WHH563,12.84716,92.3525
WHH564,11.28241,92.2813
WHH565,11.77051,92.8522
WHH566,11.44893,92.322
WHH567,12.99504,92.8748
WHH568,12.50018,92.8666
WHH569,11.50112,92.816
WHH570,12.48032,92.8698
WHH571,13.69075,92.4079
WHH572,11.99036,92.864
WHH573,11.83781,92.3235
WHH574,12.36623,92.3295
WHH575,11.9255,92.8172
WHH576,11.29494,92.25
WHH577,11.78117,92.3114
WHH578,11.81678,92.7859
WHH579,12.68614,92.8689
WHH580,12.4189,92.8796
WHH581,11.79297,92.8439
WHH582,13.89362,92.3817
WHH583,13.47674,92.9724
WHH584,12.67086,92.3311
WHH585,12.30723,92.3012
WHH586,11.28689,92.8052
WHH587,11.21942,92.3364
WHH588,11.25974,92.3291
WHH589,11.18883,92.7723
WHH590,11.67234,92.332
WHH591,12.75671,92.8375
WHH592,12.27798,92.8485
WHH593,11.24325,92.2611
WHH594,12.45461,92.3228
WHH595,13.73597,92.9067
WHH596,12.04105,92.8161
WHH597,13.29857,92.3452
WHH598,12.98267,92.8679
WHH599,12.28995,92.3283
WHH600,12.00552,92.8421
WHH601,12.6496,92.8615
WHH602,12.21979,92.3467
WHH603,12.65406,92.3894
WHH604,12.93822,92.3329
WHH605,11.58685,92.8275
WHH606,12.60238,92.8534
WHH607,12.66602,92.3445
WHH608,12.64492,92.3179
WHH609,13.81092,92.3377
WHH610,14.91379,92.9415
WHH611,12.4628,92.3215
WHH612,12.7348,92.3465
WHH613,12.13825,92.8367
WHH614,12.42633,92.8739
WHH615,13.33754,92.3672
WHH616,12.30448,92.3094
WHH617,12.81702,92.2923
WHH618,12.95698,92.3543
WHH619,12.62468,92.3859
WHH620,12.45776,92.2715
WHH622,11.32286,92.8451
WHH623,11.40805,92.3467
WHH624,11.83519,92.3787
WHH625,11.07966,92.2684
WHH626,12.18857,92.8443
WHH627,11.48953,92.8422
WHH628,12.05182,92.9
WHH629,11.45537,92.3476
WHH630,11.23557,92.7711
WHH631,12.6631,92.3552
WHH632,14.97393,92.9473
WHH633,12.50714,92.8734
WHH634,11.01113,92.2799
WHH635,12.20284,92.3741
WHH636,11.27279,92.8338
WHH637,10.36025,92.2246
WHH638,11.30494,92.7982
WHH639,11.26221,92.8169
WHH640,11.90859,92.3588
WHH641,11.25567,92.2909
WHH642,11.25616,92.2968
WHH643,12.31836,92.3274
WHH644,12.50689,92.3455
WHH645,11.94867,92.8465
WHH646,11.22594,92.8934
WHH647,11.36269,92.8584
WHH648,10.72557,92.324
WHH649,9.5732,92.2468
WHH650,11.59449,92.829
WHH651,11.58094,92.8886
WHH652,11.49811,92.3627
WHH654,10.96928,92.2745
WHH655,12.19309,92.8867
WHH656,12.40816,92.3579
WHH657,12.11376,92.8445
WHH658,11.03144,92.312
WHH659,11.12668,92.8715
WHH660,10.92969,92.8188
WHH661,9.60537,92.7298
WHH662,10.75643,92.8466
WHH663,10.83402,92.7968
WHH664,11.82071,92.3163
WHH665,11.16654,92.8429
WHH666,11.36027,92.2719
WHH667,12.32471,92.8477
WHH668,12.7379,92.9063
WHH669,12.33819,92.3656
WHH670,10.9387,92.8214
WHH671,11.31394,92.327
WHH672,10.75674,92.312
WHH673,9.58018,92.2143
WHH674,9.82239,92.7524
WHH675,10.75661,92.8277
WHH676,11.10912,92.3133
WHH677,11.63135,92.2864
WHH678,11.05564,92.7689
WHH679,12.21203,92.3483
WHH680,12.96062,92.9159
WHH681,12.49642,92.7937
WHH682,10.62327,92.2944
WHH683,11.02691,92.3154
WHH684,10.14899,92.2425
WHH685,10.06609,92.2085
WHH686,9.23577,92.2122
WHH687,10.51083,92.7702
WHH688,11.23404,92.8315
WHH689,10.836,92.2966
WHH690,10.64995,92.2603
WHH691,11.79623,92.8296
WHH692,12.15544,92.8037
WHH693,11.73035,92.8367
WHH694,11.62421,92.3246
WHH695,11.26864,92.2791
WHH696,11.00994,92.2758
WHH697,10.47158,92.2371
WHH698,10.94107,92.8106
WHH699,10.86603,92.2783
WHH701,11.17546,92.8464
WHH702,10.2886,92.7685
WHH703,11.72539,92.3287
WHH704,12.06144,92.3711
WHH705,11.67566,92.3329
WHH706,12.83795,92.3171
WHH707,12.48729,92.4109
WHH708,11.72301,92.8656
WHH709,10.57025,92.7621
WHH710,11.87984,92.3692
WHH711,11.17369,92.4275
WHH712,11.74668,92.825
WHH713,11.51284,92.8175
WHH714,10.52523,92.2632
WHH715,11.97271,92.9114
WHH716,12.04025,92.3517
WHH717,11.34633,92.8566
WHH718,13.36119,92.2127
WHH719,13.52421,92.2801
WHH720,13.23282,92.7272
WHH721,12.16834,92.7133
WHH722,13.79036,92.2578
WHH723,14.25426,92.2659
WHH724,14.02,92.7516
WHH725,14.03342,92.2906
WHH726,12.14072,92.8695
WHH727,15.29602,92.2934
WHH728,13.88945,92.8525
WHH729,12.86884,92.3102
WHH730,13.40648,92.2877
WHH731,13.35952,92.3175
WHH732,13.72627,92.2795
WHH733,11.89719,92.7086
WHH734,12.8971,92.7433
WHH735,12.75903,92.7277
WHH736,14.20719,92.3056
WHH737,13.48395,92.8282
WHH738,12.50029,92.2436
WHH739,13.70227,92.8648
WHH740,12.30782,92.397
WHH741,9.80305,92.8602
WHH742,12.71664,92.1891
WHH743,13.2814,92.2745
WHH744,12.65231,92.7618
WHH745,12.02818,92.6953
WHH746,13.85725,92.7719
WHH747,13.10973,92.7713
WHH748,13.37233,92.2565
WHH749,13.04886,92.2721
WHH750,12.09222,92.7784
WHH751,11.04268,92.841
WHH752,10.64949,92.9036
WHH753,8.5941,92.2494
WHH754,12.65041,92.7467
WHH755,14.643,92.7898
WHH756,12.87469,92.7777
WHH757,12.22156,92.184
WHH758,13.40482,92.7708
WHH759,12.89607,92.2283
WHH760,13.82448,92.256
WHH761,13.34493,92.8069
WHH762,11.61305,92.2813
WHH763,12.31466,92.322
WHH764,10.17839,92.3276
WHH765,12.14279,92.3123
WHH766,13.28857,92.243
WHH767,12.42556,92.7455
WHH768,15.74069,92.3141
WHH769,11.70255,92.6601
WHH770,13.68959,92.6696
WHH771,13.98522,92.2456
WHH772,14.48788,92.8427
WHH773,14.61758,92.3771
WHH774,12.71216,92.8578
WHH775,13.62963,92.9012
WHH776,14.07771,92.4386
WHH777,12.21227,92.8584
WHH778,13.12354,92.8048
WHH779,14.1992,92.7792
WHH780,13.34624,92.1949
WHH781,12.64137,92.7073
WHH782,13.28302,92.7428
WHH783,12.86185,92.775
WHH784,14.08652,92.2587
WHH785,14.06942,92.8324
WHH786,11.88683,92.8071
WHH787,11.68831,92.32
WHH788,10.56327,92.8803
WHH789,12.3317,92.2797
WHH790,12.42272,92.2402
WHH791,14.15406,92.2619
WHH792,13.41766,92.7549
WHH793,12.1706,92.1949
WHH794,13.68178,92.7271
WHH795,13.62792,92.2814
WHH796,14.25,92.7765
WHH797,13.7704,92.8648
WHH798,12.06235,92.7966
WHH799,11.92256,92.9162
WHH800,11.45676,92.9615
WHH801,11.74398,92.2371
WHH802,13.70877,92.2384
WHH803,13.48509,92.2428
WHH804,13.06904,92.2488
WHH805,12.80058,92.7333
WHH806,13.62638,92.2354
WHH807,13.88647,92.7748
WHH808,14.38055,92.254
WHH809,13.54989,92.2669
WHH810,11.60135,92.8131
WHH811,12.155,92.9196
WHH812,13.08591,92.9351
WHH813,11.99694,92.794
WHH814,11.54738,92.8137
WHH815,12.51348,92.3232
WHH816,11.97571,92.8265
WHH817,10.02104,92.7193
WHH818,12.45985,92.89
WHH819,11.19572,92.26
WHH820,13.20629,92.8635
WHH821,13.47025,92.3817
WHH822,12.28906,92.2711
WHH823,13.79826,92.3484
WHH824,14.18514,92.4259
WHH825,12.11166,92.345
WHH826,11.78865,92.7565
WHH827,12.86032,92.3795
WHH828,12.12425,92.8538
WHH829,10.71114,92.2408
WHH830,12.23184,92.3255
WHH831,11.6579,92.8634
WHH832,12.933,92.8679
WHH833,12.55174,92.8635
WHH834,11.81015,92.8692
WHH835,13.41582,92.3729
WHH836,14.17019,92.4686
WHH837,12.82584,92.3273
WHH838,11.76984,92.3004
WHH839,12.05872,92.3287
WHH840,11.56245,92.3173
WHH841,10.23769,92.2298
WHH842,11.05849,92.7235
WHH843,11.31228,92.2819
WHH844,12.99308,92.3618
WHH845,12.47569,92.3085
WHH846,11.38124,92.2739
WHH847,13.45054,92.3458
WHH848,13.17284,92.8488
WHH849,12.85008,92.9031
WHH850,12.66385,92.371
WHH851,12.93268,92.3743
WHH852,12.23221,92.3214
WHH853,11.31282,92.7862
WHH854,12.78768,92.3358
WHH855,12.22974,92.3481
WHH856,13.14043,92.9088
WHH857,13.28365,92.9117
WHH858,12.47027,92.3244
WHH859,14.173,92.4047
WHH860,13.35798,92.8921
WHH861,13.58869,92.8519
WHH862,12.48315,92.869
WHH863,13.2247,92.9018
WHH864,12.59063,92.3501
WHH865,11.17922,92.2617
WHH866,12.86953,92.8794
WHH867,12.61416,92.3305
WHH868,13.68292,92.4132
WHH869,13.97981,92.9078
WHH870,12.75639,92.822
WHH871,15.06029,92.4556
WHH872,15.67127,92.9455
WHH873,13.30589,92.3765
WHH874,13.10346,92.9022
WHH875,12.44295,92.3777
WHH876,12.4559,92.3306
WHH877,10.55882,92.7044
WHH878,12.53328,92.3264
WHH879,11.66642,92.8108
WHH880,12.83554,92.8842
WHH881,13.27563,92.3767
WHH882,12.18466,92.8373
WHH883,13.86904,92.3541
WHH884,14.44945,92.8391
WHH885,13.34355,92.8651
WHH886,12.413,92.8817
WHH887,13.22024,92.4067
WHH888,12.20428,92.8422
WHH889,11.32454,92.2237
WHH890,13.24603,92.3565
WHH891,11.80575,92.3251
WHH892,13.71435,92.3456
WHH893,13.42697,92.8753
WHH894,12.0148,92.2893
WHH895,14.16563,92.3852
WHH896,14.76756,92.377
WHH897,13.75606,92.8881
WHH898,12.49407,92.8912
WHH899,12.5147,92.3292
WHH900,12.0772,92.3109
WHH901,11.47411,92.2198
WHH902,12.76133,92.8581
WHH903,12.37215,92.2967
WHH904,12.74862,92.9116
WHH905,13.67056,92.8795
WHH906,12.68321,92.34
WHH907,14.54619,92.3484
WHH908,14.47271,92.9446
WHH909,13.36313,92.3793
WHH922,11.12632,92.2722
WHH923,12.18646,92.8042
WHH924,11.74036,92.8368
WHH925,11.76976,92.775
WHH926,12.30982,92.7935
WHH927,12.74353,92.282
WHH928,12.92859,92.8083
WHH929,13.06711,92.3337
WHH930,13.05828,92.2739
WHH931,13.71443,92.2927
WHH932,14.60845,92.2918
WHH933,12.12447,92.2613
WHH934,11.20814,92.208
WHH935,12.83892,92.3362
WHH936,12.33179,92.828
WHH937,11.28819,92.7597
WHH938,12.6166,92.8169
WHH939,12.82541,92.2994
WHH940,13.3323,92.3539
WHH941,12.97324,92.8005
WHH942,12.16381,92.2191
WHH943,13.86851,92.3405
WHH944,14.13929,92.8638
WHH945,12.06617,92.2827
WHH946,12.17742,92.3397
WHH947,12.88804,92.2679
WHH948,12.61783,92.3111
WHH949,9.16036,92.2351
WHH950,12.82888,92.3226
WHH951,13.13404,92.3377
WHH952,13.02309,92.8739
WHH953,13.05516,92.8803
WHH954,12.02379,92.2436
WHH955,12.25504,92.3325
WHH956,13.51493,92.8694
WHH957,13.7857,92.8548
WHH958,12.17834,92.2954
WHH959,12.9021,92.3053
WHH960,12.05245,92.8669
WHH961,11.53764,92.2433
WHH962,12.33528,92.3238
WHH963,12.3961,92.3371
WHH964,12.3117,92.3127
WHH965,12.71104,92.2947
WHH966,11.72986,92.787
WHH967,12.68588,92.8512
WHH968,13.75916,92.8904
WHH969,13.18826,92.3389
WHH970,11.9171,92.8071
WHH971,13.24986,92.8227
WHH972,12.80011,92.8306
WHH973,12.14271,92.7692
WHH974,12.21549,92.3086
WHH975,12.23229,92.7389
WHH976,13.62239,92.3892
WHH977,13.77571,92.8968
WHH978,11.07279,92.7971
WHH979,13.55143,92.3337
WHH980,14.2114,92.9009
WHH981,13.76659,92.8914
WHH982,11.75989,92.2599
WHH983,12.76841,92.7572
WHH984,11.34734,92.8216
WHH985,11.99091,92.2701
WHH986,12.28941,92.2847
WHH987,12.29656,92.858
WHH988,12.70607,92.36
WHH989,12.92548,92.8554
WHH990,11.42597,92.32
WHH991,13.21576,92.304
WHH992,14.08474,92.9068
WHH993,13.5497,92.2869
WHH994,11.4702,92.2543
WHH995,13.1405,92.3117
WHH996,11.47538,92.8031
WHH997,11.78446,92.1867
WHH998,11.88532,92.8426
WHH999,12.48475,92.2968
